customer_id,timestamp,amount,direction,beneficiary_account,beneficiary_name,beneficiary_bank_name,beneficiary_bank_code,narration,transaction_type,nibss_reference,customer_account_number,account_balance_after
cust_demo,2026-07-13T09:31:54,1000.0,debit,3964503361,Chibuzo Ugwu,Fidelity Bank,000007,Send to Tceefastpay and store,transfer,0337ivrs2b00,,
cust_demo,2026-07-13T08:29:07,600.0,debit,7910098112,Maryam Tijjani,Kuda Microfinance Bank,090267,Send to UMAR BULBULI MUHAMMAD,transfer,0337isv58200,,
cust_demo,2026-07-12T21:45:56,200.0,debit,7910098112,Maryam Tijjani,Kuda Microfinance Bank,090267,Send to UMAR BULBULI MUHAMMAD,transfer,0337hz36de00,,
cust_demo,2026-07-12T21:33:11,200.0,debit,7910098112,Maryam Tijjani,Kuda Microfinance Bank,090267,Send to UMAR BULBULI MUHAMMAD,transfer,0337hyhx7302,,
cust_demo,2026-07-12T17:13:29,100.0,debit,7910098112,Maryam Tijjani,Kuda Microfinance Bank,090267,Send to UMAR BULBULI MUHAMMAD,transfer,0337hmh37d04,,
cust_demo,2026-07-12T07:34:32,200.0,debit,7910098112,Maryam Tijjani,Kuda Microfinance Bank,090267,Send to UMAR BULBULI MUHAMMAD,transfer,0337gvo63a02,,
cust_demo,2026-07-12T06:45:38,600.0,debit,7910098112,Maryam Tijjani,Kuda Microfinance Bank,090267,Send to UMAR BULBULI MUHAMMAD,transfer,0337gteo8502,,
cust_demo,2026-07-12T06:31:43,300.0,debit,,Maryam Tijjani,Kuda Microfinance Bank,090267,Buy Data bundle,data,637gsrh9508,,
cust_demo,2026-07-11T21:05:10,700.0,debit,7910098112,Maryam Tijjani,Kuda Microfinance Bank,090267,Send to UMAR BULBULI MUHAMMAD,transfer,0337g2j8b504,,
cust_demo,2026-07-11T21:00:12,500.0,debit,8708578018,Kunle Adebayo,Fidelity Bank,000007,Send to POS Transfer NDUBUISI PAUL OPOKE,transfer,0337g2ay8501,,
cust_demo,2026-07-11T20:44:41,600.0,debit,7910098112,Maryam Tijjani,Kuda Microfinance Bank,090267,Send to UMAR BULBULI MUHAMMAD,transfer,0337g1l33900,,
cust_demo,2026-07-11T12:57:25,100.0,debit,7910098112,Maryam Tijjani,Kuda Microfinance Bank,090267,Send to UMAR BULBULI MUHAMMAD,transfer,0337ffyb8603,,
cust_demo,2026-07-11T11:35:19,100.0,debit,7910098112,Maryam Tijjani,Kuda Microfinance Bank,090267,Send to UMAR BULBULI MUHAMMAD,transfer,0337fc5hb703,,
cust_demo,2026-07-11T10:22:09,700.0,debit,7910098112,Maryam Tijjani,Kuda Microfinance Bank,090267,Send to UMAR BULBULI MUHAMMAD,transfer,0337f8rj2303,,
cust_demo,2026-07-11T08:45:05,100.0,debit,7910098112,Maryam Tijjani,Kuda Microfinance Bank,090267,Send to UMAR BULBULI MUHAMMAD,transfer,0337f49r5200,,
cust_demo,2026-07-11T07:31:33,1000.0,debit,7910098112,Maryam Tijjani,Kuda Microfinance Bank,090267,Send to UMAR BULBULI MUHAMMAD,transfer,0337f0v72b02,,
cust_demo,2026-07-09T18:59:11,470.0,debit,,Maryam Tijjani,Kuda Microfinance Bank,090267,Buy Data bundle,data,637c7d9e7006,,
cust_demo,2026-07-09T18:26:43,1000.0,debit,1801463787,Osaretin Igbinovia,Access Bank,000014,Send to MUMUNI ALADE ADEOTI,transfer,0337c5v52704,,
cust_demo,2026-07-09T07:43:15,600.0,debit,7910098112,Maryam Tijjani,Kuda Microfinance Bank,090267,Send to UMAR BULBULI MUHAMMAD,transfer,0337bc2p3a00,,
cust_demo,2026-07-09T06:37:14,300.0,debit,,Maryam Tijjani,Kuda Microfinance Bank,090267,Buy Data bundle,data,637b90o1600,,
cust_demo,2026-07-08T21:31:52,300.0,debit,7910098112,Maryam Tijjani,Kuda Microfinance Bank,090267,Send to UMAR BULBULI MUHAMMAD,transfer,0337ajrqee02,,
cust_demo,2026-07-08T15:10:06,1000.0,debit,1050661459,Ekene Nwankwo,Wema Bank,000017,Send to KAYODE OLAYIWOLA FAOLA,transfer,0337a23g5901,,
cust_demo,2026-07-08T13:27:31,1200.0,debit,3964864600,Suoyo Amachree,Union Bank,000018,Send to POS Transfer ADEOLA ASUNMO,transfer,03379xch7002,,
cust_demo,2026-07-07T20:39:08,500.0,debit,7910098112,Maryam Tijjani,Kuda Microfinance Bank,090267,Send to UMAR BULBULI MUHAMMAD,transfer,03378mnu7004,,
cust_demo,2026-07-07T10:04:24,1000.0,debit,7910098112,Maryam Tijjani,Kuda Microfinance Bank,090267,Send to UMAR BULBULI MUHAMMAD,transfer,03377t9yf903,,
cust_demo,2026-07-07T09:43:23,420.0,debit,9750503890,Ronke Fagbenle,StanbicIBTC Bank,000012,Send to POS Transfer OLAMIDE TITILAYO AJENIFUJA,transfer,03377saxb601,,
cust_demo,2026-07-07T08:53:03,300.0,debit,7910098112,Maryam Tijjani,Kuda Microfinance Bank,090267,Send to UMAR BULBULI MUHAMMAD,transfer,03377pz12700,,
cust_demo,2026-07-06T21:30:24,400.0,debit,7910098112,Maryam Tijjani,Kuda Microfinance Bank,090267,Send to UMAR BULBULI MUHAMMAD,transfer,03376uda5502,,
cust_demo,2026-07-06T09:31:05,200.0,debit,7910098112,Maryam Tijjani,Kuda Microfinance Bank,090267,Send to UMAR BULBULI MUHAMMAD,transfer,03375x2f6f01,,
cust_demo,2026-07-06T09:31:17,300.0,debit,,Maryam Tijjani,Kuda Microfinance Bank,090267,Buy Data bundle,data,6375oul330f2,,
cust_demo,2026-07-06T09:29:16,420.0,debit,9750503890,Ronke Fagbenle,StanbicIBTC Bank,000012,Send to POS Transfer OLAMIDE TITILAYO AJENIFUJA,transfer,03375wze5000,,
cust_demo,2026-07-05T08:17:48,300.0,debit,7910098112,Maryam Tijjani,Kuda Microfinance Bank,090267,Send to UMAR BULBULI MUHAMMAD,transfer,03373z0a9c00,,
cust_demo,2026-07-04T21:51:52,200.0,debit,5127116814,Musa Ibrahim,Union Bank,000018,Send to MUHAMMAD DANINNA,transfer,03373612cf00,,
cust_demo,2026-07-04T20:42:22,200.0,debit,5127116814,Musa Ibrahim,Union Bank,000018,Send to MUHAMMAD DANINNA,transfer,033732t8a003,,
cust_demo,2026-07-04T19:25:48,100.0,debit,5127116814,Musa Ibrahim,Union Bank,000018,Send to MUHAMMAD DANINNA,transfer,03372z9m5003,,
cust_demo,2026-07-04T10:42:02,100.0,debit,5127116814,Musa Ibrahim,Union Bank,000018,Send to MUHAMMAD DANINNA,transfer,03372b0o6f02,,
cust_demo,2026-07-04T08:33:37,200.0,debit,5127116814,Musa Ibrahim,Union Bank,000018,Send to MUHAMMAD DANINNA,transfer,0337252n2e00,,
cust_demo,2026-07-03T19:08:05,600.0,debit,5127116814,Musa Ibrahim,Union Bank,000018,Send to MUHAMMAD DANINNA,transfer,033713s3a005,,
cust_demo,2026-07-03T12:27:38,100.0,debit,5127116814,Musa Ibrahim,Union Bank,000018,Send to MUHAMMAD DANINNA,transfer,03370l8o4d00,,
cust_demo,2026-07-03T07:46:05,250.0,debit,5127116814,Musa Ibrahim,Union Bank,000018,Send to MUHAMMAD DANINNA,transfer,0337087f6f03,,
cust_demo,2026-07-03T07:26:37,450.0,debit,5127116814,Musa Ibrahim,Union Bank,000018,Send to MUHAMMAD DANINNA,transfer,033707az5500,,
cust_demo,2026-07-03T07:08:08,400.0,debit,5127116814,Musa Ibrahim,Union Bank,000018,Send to MUHAMMAD DANINNA,transfer,033706g69c01,,
cust_demo,2026-07-03T06:37:23,300.0,debit,,Damilola Ajayi,Union Bank,000018,Buy Data bundle,data,637050x605,,
cust_demo,2026-07-02T19:59:02,400.0,debit,5127116814,Musa Ibrahim,Union Bank,000018,Send to MUHAMMAD DANINNA,transfer,0336zbh02100,,
cust_demo,2026-07-02T12:10:37,100.0,debit,5127116814,Musa Ibrahim,Union Bank,000018,Send to MUHAMMAD DANINNA,transfer,0336ypsb7e03,,
cust_demo,2026-07-02T10:51:03,200.0,debit,5127116814,Musa Ibrahim,Union Bank,000018,Send to MUHAMMAD DANINNA,transfer,0336ym3pa001,,
cust_demo,2026-07-02T09:06:16,100.0,debit,5127116814,Musa Ibrahim,Union Bank,000018,Send to MUHAMMAD DANINNA,transfer,0336yh92d50a,,
cust_demo,2026-07-01T21:07:39,400.0,debit,5127116814,Musa Ibrahim,Union Bank,000018,Send to MUHAMMAD DANINNA,transfer,0336xjzdb801,,
cust_demo,2026-07-01T10:26:35,100.0,debit,5127116814,Musa Ibrahim,Union Bank,000018,Send to MUHAMMAD DANINNA,transfer,0336wqaxaf05,,
cust_demo,2026-07-01T09:46:56,420.0,debit,9750503890,Ronke Fagbenle,StanbicIBTC Bank,000012,Send to POS Transfer OLAMIDE TITILAYO AJENIFUJA,transfer,0336wogu105,,
cust_demo,2026-07-01T09:46:11,100.0,debit,5127116814,Musa Ibrahim,Union Bank,000018,Send to MUHAMMAD DANINNA,transfer,0336wofk5508,,
cust_demo,2026-06-30T20:42:24,200.0,debit,5127116814,Musa Ibrahim,Union Bank,000018,Send to MUHAMMAD DANINNA,transfer,0336vo5ae903,,
cust_demo,2026-06-30T19:57:03,200.0,debit,5127116814,Musa Ibrahim,Union Bank,000018,Send to MUHAMMAD DANINNA,transfer,0336vm1p2e01,,
cust_demo,2026-06-30T14:10:58,500.0,debit,9909834346,Ruth Balogun,StanbicIBTC Bank,000012,Send to POS Transfer CHRISTIAN CHIGEMEZUH NWADIKE,transfer,0336v60w5000,,
cust_demo,2026-06-30T12:52:17,1994.0,debit,,Ivie Aghedo,StanbicIBTC Bank,000012,Buy Data bundle,data,636v2dr92006,,
cust_demo,2026-06-30T10:45:04,300.0,debit,,Ivie Aghedo,StanbicIBTC Bank,000012,Buy Data bundle,data,636uwhq606,,
cust_demo,2026-06-30T09:39:06,600.0,debit,5127116814,Musa Ibrahim,Union Bank,000018,Send to MUHAMMAD DANINNA,transfer,0336utfs9d04,,
cust_demo,2026-06-30T09:20:57,200.0,debit,5127116814,Musa Ibrahim,Union Bank,000018,Send to MUHAMMAD DANINNA,transfer,0336uslje904,,
cust_demo,2026-06-29T20:57:49,300.0,debit,5127116814,Musa Ibrahim,Union Bank,000018,Send to MUHAMMAD DANINNA,transfer,0336tu6z6506,,
cust_demo,2026-06-29T15:48:23,1600.0,debit,9384954219,Christiana Musa,First Bank of Nigeria,000016,Send to MARIAM OPEYEMI ADEBAMIJOKO,transfer,0336tfv96d05,,
cust_demo,2026-06-29T09:26:05,500.0,debit,5127116814,Musa Ibrahim,Union Bank,000018,Send to MUHAMMAD DANINNA,transfer,0336sy636b01,,
cust_demo,2026-06-29T09:24:32,520.0,debit,9750503890,Ronke Fagbenle,StanbicIBTC Bank,000012,Send to POS Transfer OLAMIDE TITILAYO AJENIFUJA,transfer,0336sy3i6b01,,
cust_demo,2026-06-28T21:29:43,200.0,debit,5127116814,Musa Ibrahim,Union Bank,000018,Send to MUHAMMAD DANINNA,transfer,0336s105e701,,
cust_demo,2026-06-28T19:15:32,900.0,debit,3964864600,Suoyo Amachree,Union Bank,000018,Send to POS Transfer ADEOLA ASUNMO,transfer,0336rusi003,,
cust_demo,2026-06-28T18:08:22,10990.0,debit,0326671297,Hadiza Mohammed,Zenith Bank Plc,000015,Send to MFY/JUMIAPAY-JUM,transfer,0336rrok9e00,,
cust_demo,2026-06-28T09:32:47,1000.0,debit,8394332740,Ahmad Sadiq,Zenith Bank Plc,000015,Send to Faatimooh venture,transfer,0336r3t96603,,
cust_demo,2026-06-28T09:10:18,100.0,debit,5127116814,Musa Ibrahim,Union Bank,000018,Send to MUHAMMAD DANINNA,transfer,0336r2rs2c02,,
cust_demo,2026-06-28T08:20:36,1200.0,debit,5127116814,Musa Ibrahim,Union Bank,000018,Send to MUHAMMAD DANINNA,transfer,0336r0gy4401,,
cust_demo,2026-06-27T21:03:32,200.0,debit,5127116814,Musa Ibrahim,Union Bank,000018,Send to MUHAMMAD DANINNA,transfer,0336q54i8402,,
cust_demo,2026-06-27T12:57:41,300.0,debit,5127116814,Musa Ibrahim,Union Bank,000018,Send to MUHAMMAD DANINNA,transfer,0336pimr6500,,
cust_demo,2026-06-27T11:39:18,200.0,debit,5127116814,Musa Ibrahim,Union Bank,000018,Send to MUHAMMAD DANINNA,transfer,0336pf04db01,,
cust_demo,2026-06-27T08:54:53,600.0,debit,5127116814,Musa Ibrahim,Union Bank,000018,Send to MUHAMMAD DANINNA,transfer,0336p7e32601,,
cust_demo,2026-06-27T06:53:47,300.0,debit,,Damilola Ajayi,Union Bank,000018,Buy Data bundle,data,636p1s9b09,,
cust_demo,2026-06-26T20:28:42,200.0,debit,5127116814,Musa Ibrahim,Union Bank,000018,Send to MUHAMMAD DANINNA,transfer,0336o8ugfd05,,
cust_demo,2026-06-26T20:10:36,550.0,debit,9061643959,Ola Adeleke,First Bank of Nigeria,000016,Send to Justinah Offiong,transfer,u436o8072500,,
cust_demo,2026-06-26T15:32:26,197.0,debit,,Folake Adeyemi,First Bank of Nigeria,000016,Top up Airtime,airtime,1336nv4of00,,
cust_demo,2026-06-26T13:23:12,520.0,debit,8793215258,Segun Ojo,Paycom(Opay),100004,Send to POS Transfer WOSILAT MOMOH,transfer,0336np5afd03,,
cust_demo,2026-06-26T09:30:37,300.0,debit,4469296166,Esther Okonkwo,Ecobank Bank,000010,Send to olumide emmanuel AKANDE,transfer,0336nedndc03,,
cust_demo,2026-06-26T08:12:38,500.0,debit,5127116814,Musa Ibrahim,Union Bank,000018,Send to MUHAMMAD DANINNA,transfer,0336naro6600,,
cust_demo,2026-06-25T20:26:27,600.0,debit,5127116814,Musa Ibrahim,Union Bank,000018,Send to MUHAMMAD DANINNA,transfer,0336me2p2603,,
cust_demo,2026-06-25T12:01:22,1000.0,debit,5127116814,Musa Ibrahim,Union Bank,000018,Send to MUHAMMAD DANINNA,transfer,0336lqowb905,,
cust_demo,2026-06-25T11:01:13,100.0,debit,5127116814,Musa Ibrahim,Union Bank,000018,Send to MUHAMMAD DANINNA,transfer,0336lnwnfd02,,
cust_demo,2026-06-25T07:29:00,200.0,debit,5127116814,Musa Ibrahim,Union Bank,000018,Send to MUHAMMAD DANINNA,transfer,0336le2y003,,
cust_demo,2026-06-24T21:05:28,350.0,debit,5127116814,Musa Ibrahim,Union Bank,000018,Send to MUHAMMAD DANINNA,transfer,0336kl7qb905,,
cust_demo,2026-06-24T20:54:32,2500.0,debit,1943406242,Uche Okonkwo,United Bank for Africa,000004,Send to POS Transfer-EMEKA NWUZOR,transfer,0336kkpi2c00,,
cust_demo,2026-06-24T20:50:27,100.0,debit,5127116814,Musa Ibrahim,Union Bank,000018,Send to MUHAMMAD DANINNA,transfer,0336kkip2c01,,
cust_demo,2026-06-24T15:20:20,700.0,debit,4158126376,Ese Aikhomu,Access Bank,000014,Send to PATIENCE OLUWATOYIN IKUSEDUN,transfer,0336k58i4403,,
cust_demo,2026-06-24T07:59:32,500.0,debit,5127116814,Musa Ibrahim,Union Bank,000018,Send to MUHAMMAD DANINNA,transfer,0336jktu6603,,
cust_demo,2026-06-24T07:43:11,300.0,debit,,Damilola Ajayi,Union Bank,000018,Buy Data bundle,data,636jk2l8c00,,
cust_demo,2026-06-23T21:08:01,400.0,debit,5127116814,Musa Ibrahim,Union Bank,000018,Send to MUHAMMAD DANINNA,transfer,0336iqnz4400,,
cust_demo,2026-06-23T18:46:37,70.0,debit,,Damilola Ajayi,Union Bank,000018,Top up Airtime,airtime,1336ik4b8500,,
cust_demo,2026-06-23T15:45:27,2000.0,debit,,Damilola Ajayi,Union Bank,000018,Buy Data bundle,data,636ibqdf4006,,
cust_demo,2026-06-22T11:46:44,59700.0,debit,4654015989,Damilola Ajayi,Zenith Bank Plc,000015,Send to OPEYEMI SAMUEL OLUWAGBEMIGA,transfer,0336g60ib904,,
cust_demo,2026-06-21T12:40:40,1500.0,debit,6233147315,Halima Musa,GTBank Plc,000013,Send to SHOLA DAVID SHORUNGBE,transfer,0336edue8401,,
cust_demo,2026-06-21T07:54:38,300.0,debit,,Ejike Anozie,GTBank Plc,000013,Buy Data bundle,data,636e0loa702,,
cust_demo,2026-06-20T19:54:10,900.0,debit,5422169322,Amarachi Nduka,United Bank for Africa,000004,Send to OLUSEGUN EMMANUEL OLUGBEMIGA,transfer,0336d38wb906,,
cust_demo,2026-06-18T15:56:47,4000.0,debit,1846989297,Chiedozie Nwabueze,Zenith Bank Plc,000015,Send to A. Y. AMAMA VENTURES,transfer,033692x9da02,,
cust_demo,2026-06-18T15:43:46,300.0,debit,,Matthew Okereke,Zenith Bank Plc,000015,Buy Data bundle,data,63692bk4c0i,,
cust_demo,2026-06-17T20:44:17,1300.0,debit,1945840730,Onyinye Madu,Wema Bank,000017,Send to POS Transfer-TOBI JEANNETTE LOKO,transfer,03367lkf6602,,
cust_demo,2026-06-17T17:31:24,1000.0,debit,4120429650,John Okafor,GTBank Plc,000013,Send to WOSILAT BLESSING MOMOH,transfer,03367cmy000,,
cust_demo,2026-06-17T09:35:49,2200.0,debit,1832134284,Grace Adamu,Kuda Microfinance Bank,090267,Send to OLABODE CLEMENT OLOYE,transfer,03366qmb8c02,,
cust_demo,2026-06-16T15:06:25,4000.0,debit,4654015989,Damilola Ajayi,Zenith Bank Plc,000015,Send to OPEYEMI SAMUEL OLUWAGBEMIGA,transfer,03365b9b005,,
cust_demo,2026-06-16T09:27:45,1000.0,debit,0434113780,Tunde Bakare,StanbicIBTC Bank,000012,Send to OLUSOJI  LUCKY IKUDEHINBU,transfer,u3364vkqee00,,
cust_demo,2026-06-15T17:38:18,15000.0,debit,5422169322,Amarachi Nduka,United Bank for Africa,000004,Send to OLUSEGUN EMMANUEL OLUGBEMIGA,transfer,03363nmg2602,,
cust_demo,2026-04-24T00:00:36,1000.0,credit,3686131324,Sola Ogundipe,Ecobank Bank,000010,Interbank transfer,transfer,6033dzzm1b002,,
cust_demo,2026-04-09T21:03:39,7000.0,debit,4654015989,Damilola Ajayi,Zenith Bank Plc,000015,Send to OPEYEMI SAMUEL OLUWAGBEMIGA,transfer,0332nugpcc03,,
cust_demo,2026-04-03T11:07:30,4000.0,debit,4654015989,Damilola Ajayi,Zenith Bank Plc,000015,Send to OPEYEMI SAMUEL OLUWAGBEMIGA,transfer,0332byv43600,,
cust_demo,2026-03-22T08:33:22,500.0,debit,5127116814,Musa Ibrahim,Union Bank,000018,Send to MUHAMMAD DANINNA,transfer,0331pjq81a02,,
cust_demo,2026-03-21T21:02:21,500.0,debit,5127116814,Musa Ibrahim,Union Bank,000018,Send to MUHAMMAD DANINNA,transfer,0331onqj2103,,
cust_demo,2026-03-21T10:01:32,880.0,debit,4654015989,Damilola Ajayi,Zenith Bank Plc,000015,Send to OPEYEMI SAMUEL OLUWAGBEMIGA,transfer,0331nt567504,,
cust_demo,2026-03-21T09:38:27,870.0,debit,4120429650,John Okafor,GTBank Plc,000013,Send to WOSILAT BLESSING MOMOH,transfer,0331ns2p5301,,
cust_demo,2026-03-21T09:06:59,250.0,debit,1943406242,Uche Okonkwo,United Bank for Africa,000004,Send to POS Transfer-EMEKA NWUZOR,transfer,0331nqm9aa01,,
cust_demo,2026-03-14T23:02:14,3164.98,debit,4654015989,Damilola Ajayi,Zenith Bank Plc,000015,Send to OPEYEMI SAMUEL OLUWAGBEMIGA,transfer,0331bumc6600,,
cust_demo,2026-03-05T15:35:07,97.0,debit,,Matthew Okereke,Zenith Bank Plc,000015,Top up Airtime,airtime,1330ulx59f801,,
cust_demo,2026-03-04T17:26:22,100.0,debit,,Matthew Okereke,Zenith Bank Plc,000015,Top up Airtime,airtime,1330swekfa800,,
cust_demo,2026-02-07T10:16:29,1487.0,debit,4654015989,Damilola Ajayi,Zenith Bank Plc,000015,Send to OPEYEMI SAMUEL OLUWAGBEMIGA,transfer,032zi1u3cc201,,
cust_demo,2026-02-05T17:07:12,3000.0,debit,1832134284,Grace Adamu,Kuda Microfinance Bank,090267,Send to OLABODE CLEMENT OLOYE,transfer,032zevimcbb03,,
cust_demo,2026-02-04T16:08:12,520.0,debit,4120429650,John Okafor,GTBank Plc,000013,Send to WOSILAT BLESSING MOMOH,transfer,032zcy4acb203,,
cust_demo,2026-01-30T19:26:19,66.0,credit,7767025037,Hauwa Yakubu,Sterling Bank,000001,CashBox Withdraw,uncategorized,t62z3xyh4208,,
cust_demo,2026-01-30T19:23:51,5840.0,credit,3686131324,Sola Ogundipe,Ecobank Bank,000010,Interbank transfer,transfer,602z3xud1a301,,
cust_demo,2026-01-21T06:12:47,5000.0,debit,4654015989,Damilola Ajayi,Zenith Bank Plc,000015,Send to OPEYEMI SAMUEL OLUWAGBEMIGA,transfer,032ym97xcbb00,,
cust_demo,2026-01-11T15:24:57,3400.0,debit,4654015989,Damilola Ajayi,Zenith Bank Plc,000015,Send to OPEYEMI SAMUEL OLUWAGBEMIGA,transfer,032y4g47ca403,,
cust_demo,2026-01-10T11:38:02,1000.0,debit,4654015989,Damilola Ajayi,Zenith Bank Plc,000015,Send to OPEYEMI SAMUEL OLUWAGBEMIGA,transfer,032y2ay0c9606,,
cust_demo,2026-01-09T15:41:09,3500.0,debit,6106730171,Rukayya Danjuma,Union Bank,000018,Send to SEGUN OLAIYA ADEBAYO,transfer,032y0rj7ca401,,
cust_demo,2026-01-08T11:50:45,2100.0,debit,1113246839,Ibiere Sokari,Fidelity Bank,000007,Send to NKEMAKONAM VIVIAN OKWESA,transfer,032xym77c9d03,,
cust_demo,2026-01-04T13:51:10,9999.0,debit,4654015989,Damilola Ajayi,Zenith Bank Plc,000015,Send to OPEYEMI SAMUEL OLUWAGBEMIGA,transfer,032xrd3wc8c00,,
cust_demo,2026-01-03T05:02:04,900.0,debit,4654015989,Damilola Ajayi,Zenith Bank Plc,000015,Send to OPEYEMI SAMUEL OLUWAGBEMIGA,transfer,032xoty27ea00,,
cust_demo,2026-01-02T12:05:12,3500.0,debit,3635897896,Patience Chukwu,PalmPay Limited,100033,Send to shakirah ROMOKE OLAFISOYE,transfer,032xnivac7b00,,
cust_demo,2025-12-31T13:46:55,4450.0,debit,4654015989,Damilola Ajayi,Zenith Bank Plc,000015,Send to OPEYEMI SAMUEL OLUWAGBEMIGA,transfer,032xjy8tc8700,,
cust_demo,2025-12-31T08:00:36,800.0,debit,4876859557,Nkechi Onyekwere,Kuda Microfinance Bank,090267,"Send to OLUWAGBEMIGA, EZEKIEL IFEOLUWA",transfer,032xji7mc8703,,
cust_demo,2025-12-28T18:30:43,1015.0,debit,3855106717,Blessing Madu,Union Bank,000018,Send to COWRYWISE OPEYEMI SAMUEL OLUWAGBEMIGA,transfer,032xerdsc6503,,
cust_demo,2025-12-28T13:36:53,600.0,debit,,Damilola Ajayi,Union Bank,000018,Buy Data bundle,data,62xeds3309016,,
cust_demo,2025-12-27T12:45:13,1000.0,debit,4654015989,Damilola Ajayi,Zenith Bank Plc,000015,Send to OPEYEMI SAMUEL OLUWAGBEMIGA,transfer,032xcgpzc4d00,,
cust_demo,2025-12-26T11:56:46,5100.0,debit,9360269093,Yusuf Abubakar,Sterling Bank,000001,Send to GBENGA MICHAEL SHOKUNBI,transfer,032xajt8c4801,,
cust_demo,2025-12-25T00:36:51,20000.0,credit,3686131324,Sola Ogundipe,Ecobank Bank,000010,Interbank transfer,transfer,602x7to119003,,
cust_demo,2025-12-24T15:30:16,3000.0,debit,4654015989,Damilola Ajayi,Zenith Bank Plc,000015,Send to OPEYEMI SAMUEL OLUWAGBEMIGA,transfer,032x74d2c6b04,,
cust_demo,2025-12-22T18:39:11,6500.0,debit,0085432619,Osato Aigbe,Ecobank Bank,000010,Send to MAHMOUD ADEBISI KAREEM,transfer,032x3nrxc5f05,,
cust_demo,2025-12-22T12:58:40,1100.0,debit,5916959629,Osayi Uwadia,PalmPay Limited,100033,Send to TOBI JEANNETTE LOKO,transfer,032x380ec5e03,,
cust_demo,2025-12-21T14:53:53,2000.0,debit,4654015989,Damilola Ajayi,Zenith Bank Plc,000015,Send to OPEYEMI SAMUEL OLUWAGBEMIGA,transfer,032x1iofc6004,,
cust_demo,2025-12-21T13:04:22,3000.0,debit,5916959629,Osayi Uwadia,PalmPay Limited,100033,Send to TOBI JEANNETTE LOKO,transfer,032x1dlw7a000,,
cust_demo,2025-12-19T10:53:29,2000.0,debit,7505946283,Chinwe Okpara,Fidelity Bank,000007,Send to FESTUS ADESOJI AFOLAYAN,transfer,032wxi7rc5b04,,
cust_demo,2025-12-18T14:44:23,6500.0,debit,2012105924,Hauwa Yakubu,Wema Bank,000017,Send to WEMA-POS/ UNILAG BOOKSHOP,transfer,032wvy8lc4f01,,
cust_demo,2025-12-16T12:53:01,50000.0,debit,0085432619,Osato Aigbe,Ecobank Bank,000010,Send to MAHMOUD ADEBISI KAREEM,transfer,032ws3qza1200,,
cust_demo,2025-12-14T16:06:48,77861.25,debit,6586587725,Zulaihat Ahmed,First Bank of Nigeria,000016,Send to Remita Checkout,transfer,032wondyc3905,,
cust_demo,2025-12-14T08:26:29,169000.0,credit,3686131324,Sola Ogundipe,Ecobank Bank,000010,Interbank transfer,transfer,602wo22q18608,,
cust_demo,2025-12-09T23:43:00,1000.0,credit,3686131324,Sola Ogundipe,Ecobank Bank,000010,Interbank transfer,transfer,602wfz6a18301,,
cust_demo,2025-08-22T08:10:15,98.0,debit,,Tunde Bakare,Ecobank Bank,000010,Top up Airtime,airtime,132qsxbpe0600,,
cust_demo,2025-08-21T22:30:01,47.0,debit,,Tunde Bakare,Ecobank Bank,000010,Top up Airtime,airtime,132qs6gne0b01,,
cust_demo,2025-08-21T22:27:23,95.0,debit,,Tunde Bakare,Ecobank Bank,000010,Top up Airtime,airtime,132qs6c9e0801,,
cust_demo,2025-08-20T17:33:39,348.0,debit,,Tunde Bakare,Ecobank Bank,000010,Buy Data bundle,data,62qpy2p238006,,
cust_demo,2025-08-17T19:34:52,600.0,credit,3686131324,Sola Ogundipe,Ecobank Bank,000010,Interbank transfer,transfer,602qkjoq15c00,,
cust_demo,2025-08-15T09:37:12,480.0,debit,,Tunde Bakare,Ecobank Bank,000010,Buy Data bundle,data,62qg2om233006,,
cust_demo,2025-08-14T14:38:58,8000.0,debit,7711878453,Chiedozie Nwabueze,Sterling Bank,000001,Send to JOSEPH VIYON GBENUPO,transfer,032qelzkbda00,,
cust_demo,2025-08-14T09:34:09,1100.0,debit,6533667765,Ahmad Sadiq,United Bank for Africa,000004,Send to AYOOLA AFEEZ SULAIMON,transfer,032qe7vjacd00,,
cust_demo,2025-08-09T18:13:14,1000.0,debit,8295022250,Gbenga Alabi,Paycom(Opay),100004,Send to ERIGKS COMMUNICATIONS,transfer,032q5mkobcb01,,
cust_demo,2025-08-08T18:56:17,1500.0,debit,4654015989,Damilola Ajayi,Zenith Bank Plc,000015,Send to OPEYEMI SAMUEL OLUWAGBEMIGA,transfer,032q3twfbd103,,
cust_demo,2025-08-07T16:52:01,97.0,debit,,Matthew Okereke,Zenith Bank Plc,000015,Buy Data bundle,data,62q1thb20e006,,
cust_demo,2025-08-03T16:47:32,7349.72,debit,4654015989,Damilola Ajayi,Zenith Bank Plc,000015,Send to OPEYEMI SAMUEL OLUWAGBEMIGA,transfer,032puelubbb02,,
cust_demo,2025-08-03T16:41:26,350.0,debit,5127116814,Musa Ibrahim,Union Bank,000018,Send to MUHAMMAD DANINNA,transfer,032puebo62202,,
cust_demo,2025-08-03T16:36:11,1100.0,debit,1943406242,Uche Okonkwo,United Bank for Africa,000004,Send to POS Transfer-EMEKA NWUZOR,transfer,032pue2x62202,,
cust_demo,2025-08-03T16:12:06,500.0,debit,0711658164,Ebele Nwachukwu,Zenith Bank Plc,000015,Send to BABATUNDE MUTIU AKINTOYE,transfer,032pucysbba01,,
cust_demo,2025-08-02T10:16:01,700.0,debit,5127116814,Musa Ibrahim,Union Bank,000018,Send to MUHAMMAD DANINNA,transfer,032ps1tbbc103,,
cust_demo,2025-08-02T08:42:17,20000.0,credit,3686131324,Sola Ogundipe,Ecobank Bank,000010,Interbank transfer,transfer,602prxh28709,,
cust_demo,2025-07-25T08:43:36,600.0,debit,5127116814,Musa Ibrahim,Union Bank,000018,Send to MUHAMMAD DANINNA,transfer,032pd47abbe03,,
cust_demo,2025-07-23T20:24:41,100.0,debit,5127116814,Musa Ibrahim,Union Bank,000018,Send to MUHAMMAD DANINNA,transfer,032pabbr8d600,,
cust_demo,2025-07-23T20:21:19,400.0,debit,8999381848,Blessing Madu,StanbicIBTC Bank,000012,Send to POS Transfer-FUNMI OLUWAKOYA USMAN,transfer,032pab65bb603,,
cust_demo,2025-07-23T11:34:30,70.0,debit,,Ivie Aghedo,StanbicIBTC Bank,000012,Top up Airtime,airtime,132p9ms4c6700,,
cust_demo,2025-07-20T14:14:54,10000.0,debit,4654015989,Damilola Ajayi,Zenith Bank Plc,000015,Send to OPEYEMI SAMUEL OLUWAGBEMIGA,transfer,032p4a7g9bc00,,
cust_demo,2025-07-19T19:38:15,320.0,debit,8999381848,Blessing Madu,StanbicIBTC Bank,000012,Send to POS Transfer-FUNMI OLUWAKOYA USMAN,transfer,032p2uidbac03,,
cust_demo,2025-07-19T08:45:17,400.0,debit,4654015989,Damilola Ajayi,Zenith Bank Plc,000015,Send to OPEYEMI SAMUEL OLUWAGBEMIGA,transfer,032p20a3bb703,,
cust_demo,2025-07-18T13:28:34,10000.0,credit,3686131324,Sola Ogundipe,Ecobank Bank,000010,Interbank transfer,transfer,602p0iq87401,,
cust_demo,2025-07-13T09:00:55,8000.0,debit,4654015989,Damilola Ajayi,Zenith Bank Plc,000015,Send to OPEYEMI SAMUEL OLUWAGBEMIGA,transfer,032oqx05ba103,,
cust_demo,2025-07-13T08:57:32,1000.0,debit,5127116814,Musa Ibrahim,Union Bank,000018,Send to MUHAMMAD DANINNA,transfer,032oqwuib8b02,,
cust_demo,2025-07-07T17:52:43,6500.0,debit,4654015989,Damilola Ajayi,Zenith Bank Plc,000015,Send to OPEYEMI SAMUEL OLUWAGBEMIGA,transfer,032oghmhb9e01,,
cust_demo,2025-07-07T17:47:14,3500.0,debit,3468113591,Vincent Danjuma,PalmPay Limited,100033,Send to OLUWASESAN SOLOMON OGUNNUBI,transfer,032oghdcb9400,,
cust_demo,2025-07-02T19:22:28,3000.0,debit,4654015989,Damilola Ajayi,Zenith Bank Plc,000015,Send to OPEYEMI SAMUEL OLUWAGBEMIGA,transfer,032o7cg2b8d05,,
cust_demo,2025-07-01T19:48:36,10000.0,credit,3686131324,Sola Ogundipe,Ecobank Bank,000010,Interbank transfer,transfer,602o5izl13906,,
cust_demo,2025-06-30T21:52:51,7470.0,debit,,Tunde Bakare,Ecobank Bank,000010,Buy Data bundle,data,62o3u2p8b006,,
cust_demo,2025-06-30T11:05:15,2100.0,debit,0661141481,Precious Eze,Union Bank,000018,Send to GANIYU OLUWASEYI DIYA,transfer,032o303db8f00,,
cust_demo,2025-06-29T10:31:00,10000.0,debit,4654015989,Damilola Ajayi,Zenith Bank Plc,000015,Send to OPEYEMI SAMUEL OLUWAGBEMIGA,transfer,032o13ua80001,,
cust_demo,2025-06-27T10:36:16,1000.0,debit,4654015989,Damilola Ajayi,Zenith Bank Plc,000015,Send to OPEYEMI SAMUEL OLUWAGBEMIGA,transfer,032nxer2b7f05,,
cust_demo,2025-06-24T22:46:11,19800.0,credit,3686131324,Sola Ogundipe,Ecobank Bank,000010,Interbank transfer,transfer,602nssjl13a03,,
cust_demo,2025-06-24T21:08:06,3000.0,debit,4654015989,Damilola Ajayi,Zenith Bank Plc,000015,Send to OPEYEMI SAMUEL OLUWAGBEMIGA,transfer,032nso04b7303,,
cust_demo,2025-06-21T19:23:05,10000.0,debit,4654015989,Damilola Ajayi,Zenith Bank Plc,000015,Send to OPEYEMI SAMUEL OLUWAGBEMIGA,transfer,032nmz537b507,,
cust_demo,2025-06-16T09:20:52,10000.0,debit,4654015989,Damilola Ajayi,Zenith Bank Plc,000015,Send to OPEYEMI SAMUEL OLUWAGBEMIGA,transfer,032ncxxeb6f02,,
cust_demo,2025-06-10T13:09:18,7497.0,debit,,Matthew Okereke,Zenith Bank Plc,000015,Buy Data bundle,data,62n24i41b4016,,
cust_demo,2025-06-09T15:12:10,9587.0,debit,4654015989,Damilola Ajayi,Zenith Bank Plc,000015,Send to OPEYEMI SAMUEL OLUWAGBEMIGA,transfer,032n0fiwb6600,,
cust_demo,2025-06-09T12:57:15,500.0,debit,4654015989,Damilola Ajayi,Zenith Bank Plc,000015,Send to OPEYEMI SAMUEL OLUWAGBEMIGA,transfer,032n09a191e02,,
cust_demo,2025-06-08T12:38:00,6000.0,debit,4654015989,Damilola Ajayi,Zenith Bank Plc,000015,Send to OPEYEMI SAMUEL OLUWAGBEMIGA,transfer,032mydpy91e00,,
cust_demo,2025-06-08T12:35:23,92.0,debit,,Matthew Okereke,Zenith Bank Plc,000015,Top up Airtime,airtime,132mydlld6400,,
cust_demo,2025-06-07T16:15:51,470.0,debit,,Matthew Okereke,Zenith Bank Plc,000015,Buy Data bundle,data,62mwt511a5006,,
cust_demo,2025-06-07T15:54:04,900.0,debit,9290494610,Matthew Okereke,Paycom(Opay),100004,Send to POS Transfer CLEMENT EJIH,transfer,032mws4qa9501,,
cust_demo,2025-06-07T07:47:56,1500.0,debit,9776743879,Diepiriye Fubara,Paycom(Opay),100004,Send to POS Transfer FIDELIS NWIBO NWIZIOGO,transfer,032mw5mib6501,,
cust_demo,2025-06-05T09:46:03,3000.0,debit,1061232206,Kayode Ilori,Paycom(Opay),100004,Send to FORTUNE CHIBUEYIM VINCENT,transfer,032mslrdaa001,,
cust_demo,2025-06-04T10:55:50,7000.0,debit,4876859557,Nkechi Onyekwere,Kuda Microfinance Bank,090267,"Send to OLUWAGBEMIGA, EZEKIEL IFEOLUWA",transfer,032mquboa9503,,
cust_demo,2025-06-01T12:15:03,10000.0,debit,4654015989,Damilola Ajayi,Zenith Bank Plc,000015,Send to OPEYEMI SAMUEL OLUWAGBEMIGA,transfer,032mldzpb6503,,
cust_demo,2025-05-29T21:59:33,4492.0,debit,,Matthew Okereke,Zenith Bank Plc,000015,Buy Data bundle,data,62mgl1v1ab006,,
cust_demo,2025-05-29T19:00:12,5000.0,debit,4654015989,Damilola Ajayi,Zenith Bank Plc,000015,Send to OPEYEMI SAMUEL OLUWAGBEMIGA,transfer,032mgcqyb6500,,
cust_demo,2025-05-28T21:03:29,1000.0,debit,5861514768,Beauty Anyanwu,PalmPay Limited,100033,Send to INNOCENT ETA EGBE,transfer,032mensfb5e00,,
cust_demo,2025-05-28T20:10:16,700.0,debit,0869892006,David Eze,Zenith Bank Plc,000015,Send to FOLASHADE BLESSING Odeyinde,transfer,032melbqb5505,,
cust_demo,2025-05-28T20:08:32,1600.0,debit,0869892006,David Eze,Zenith Bank Plc,000015,Send to FOLASHADE BLESSING Odeyinde,transfer,032mel8ub5c00,,
cust_demo,2025-05-28T19:59:44,1000.0,debit,6614203345,Joy Nwosu,Paycom(Opay),100004,Send to OLUWAKEMI ABOSEDE OGUNSEYE,transfer,032meku6b5a02,,
cust_demo,2025-05-28T19:57:46,2500.0,debit,6614203345,Joy Nwosu,Paycom(Opay),100004,Send to OLUWAKEMI ABOSEDE OGUNSEYE,transfer,032mekqwb5c07,,
cust_demo,2025-05-28T10:30:35,2100.0,debit,0661141481,Precious Eze,Union Bank,000018,Send to GANIYU OLUWASEYI DIYA,transfer,u32mduhl30200,,
cust_demo,2025-05-26T07:36:40,2500.0,debit,4654015989,Damilola Ajayi,Zenith Bank Plc,000015,Send to OPEYEMI SAMUEL OLUWAGBEMIGA,transfer,032m9x3qab900,,
cust_demo,2025-05-26T07:23:53,850.0,debit,1943406242,Uche Okonkwo,United Bank for Africa,000004,Send to POS Transfer-EMEKA NWUZOR,transfer,032m9wifb5500,,
cust_demo,2025-05-25T12:31:41,9000.0,debit,8568329378,Aliyu Garba,Ecobank Bank,000010,Send to OPEYEMI OLUWAGBEMIGA,transfer,032m8g3f68a07,,
cust_demo,2025-05-24T22:26:56,2100.0,debit,4980618930,Christiana Musa,Zenith Bank Plc,000015,Send to OLUWAGBEMIGA OPEYEMI SAMUEL,transfer,032m7czia7402,,
cust_demo,2025-05-24T04:38:53,4250.0,credit,5820072827,Onyinye Madu,PalmPay Limited,100033,Refund - Transfer to Jumia,uncategorized,502m5zjf15d00,,
cust_demo,2025-05-24T00:51:21,4388.0,debit,4654015989,Damilola Ajayi,Zenith Bank Plc,000015,Send to OPEYEMI SAMUEL OLUWAGBEMIGA,transfer,032m5p07b3d01,,
cust_demo,2025-05-24T00:50:00,19930.0,credit,3686131324,Sola Ogundipe,Ecobank Bank,000010,Interbank transfer,transfer,602m5oxy12900,,
cust_demo,2025-05-23T20:19:55,1000.0,debit,2875830483,Yusuf Abubakar,GTBank Plc,000013,Send to RASHEEDAT AINA OSENI,transfer,032m5cftb4b00,,
cust_demo,2025-05-23T20:14:55,450.0,debit,8999381848,Blessing Madu,StanbicIBTC Bank,000012,Send to POS Transfer-FUNMI OLUWAKOYA USMAN,transfer,032m5c7hb4907,,
cust_demo,2025-05-22T13:32:32,2500.0,debit,7932272375,Ikenna Anyanwu,Zenith Bank Plc,000015,Send to FUNMILAYO KHADIJAT AWESU,transfer,032m2ywu68a03,,
cust_demo,2025-05-20T08:32:43,470.0,debit,,Matthew Okereke,Zenith Bank Plc,000015,Buy Data bundle,data,62lyvp51a5026,,
cust_demo,2025-05-19T17:53:15,1400.0,debit,7616840836,Ere-ebi Bekederemo,Wema Bank,000017,Send to KELECHUKWU KENNETH NWACHE,transfer,032lxqzdb4d00,,
cust_demo,2025-05-19T16:21:05,1000.0,debit,4120429650,John Okafor,GTBank Plc,000013,Send to WOSILAT BLESSING MOMOH,transfer,032lxmpr44c01,,
cust_demo,2025-05-19T07:39:34,5000.0,debit,5928406556,Wumi Ogunbanjo,Union Bank,000018,Send to YEMI OLAWUNMI OLUGBEMIGA,transfer,032lwykkb4b00,,
cust_demo,2025-05-18T22:32:35,4470.0,debit,,Damilola Ajayi,Union Bank,000018,Buy Data bundle,data,62lw98x114006,,
cust_demo,2025-05-18T15:49:31,2100.0,debit,6533667765,Ahmad Sadiq,United Bank for Africa,000004,Send to AYOOLA AFEEZ SULAIMON,transfer,032lvql584102,,
cust_demo,2025-05-18T14:26:30,1300.0,debit,1832134284,Grace Adamu,Kuda Microfinance Bank,090267,Send to OLABODE CLEMENT OLOYE,transfer,032lvmqsb4c06,,
cust_demo,2025-05-17T09:23:38,3000.0,debit,4654015989,Damilola Ajayi,Zenith Bank Plc,000015,Send to OPEYEMI SAMUEL OLUWAGBEMIGA,transfer,032lte20b4c05,,
cust_demo,2025-05-16T20:35:47,300.0,debit,4654015989,Damilola Ajayi,Zenith Bank Plc,000015,Send to OPEYEMI SAMUEL OLUWAGBEMIGA,transfer,032lsei968a00,,
cust_demo,2025-05-16T16:14:13,2000.0,debit,7311089949,Hadiza Mohammed,Wema Bank,000017,"Send to NNANNA, OKECHUKWU EMMANUEL",transfer,032ls2ebb4800,,
cust_demo,2025-05-15T19:17:51,750.0,debit,8999381848,Blessing Madu,StanbicIBTC Bank,000012,Send to POS Transfer-FUNMI OLUWAKOYA USMAN,transfer,032lqg8d44c07,,
cust_demo,2025-05-14T07:50:13,4000.0,debit,4654015989,Damilola Ajayi,Zenith Bank Plc,000015,Send to OPEYEMI SAMUEL OLUWAGBEMIGA,transfer,032lnpqbb4900,,
cust_demo,2025-05-13T20:06:23,400.0,debit,5916959629,Osayi Uwadia,PalmPay Limited,100033,Send to TOBI JEANNETTE LOKO,transfer,032lmt595b704,,
cust_demo,2025-05-11T14:51:36,1500.0,debit,9825437060,Zulaihat Ahmed,GTBank Plc,000013,Send to POS Transfer OLUWAKEMI OLUWADARE,transfer,032lip8mb4702,,
cust_demo,2025-05-10T21:19:07,4500.0,debit,4654015989,Damilola Ajayi,Zenith Bank Plc,000015,Send to OPEYEMI SAMUEL OLUWAGBEMIGA,transfer,032lhcihb4502,,
cust_demo,2025-05-06T10:46:20,10000.0,debit,4654015989,Damilola Ajayi,Zenith Bank Plc,000015,Send to OPEYEMI SAMUEL OLUWAGBEMIGA,transfer,032l94jub2403,,
cust_demo,2025-05-05T13:32:18,15300.0,debit,4160138353,Faith Uche,GTBank Plc,000013,Send to POS Transfer JULIET ADAKOLE,transfer,032l7hkg8df02,,
cust_demo,2025-05-04T20:25:32,12815.0,debit,7258421338,Christiana Musa,GTBank Plc,000013,Jumia - Order,uncategorized,24242505041925329198,,
cust_demo,2025-05-03T19:33:40,750.0,debit,8999381848,Blessing Madu,StanbicIBTC Bank,000012,Send to POS Transfer-FUNMI OLUWAKOYA USMAN,transfer,032l48yq81501,,
cust_demo,2025-05-03T12:18:51,1509.0,debit,1292802016,Deborah Garba,StanbicIBTC Bank,000012,Send to OLUSEGUN ADESOLA ADEBANJO,transfer,032l3ou181505,,
cust_demo,2025-05-02T08:38:42,5000.0,debit,4654015989,Damilola Ajayi,Zenith Bank Plc,000015,Send to OPEYEMI SAMUEL OLUWAGBEMIGA,transfer,032l1jz470900,,
cust_demo,2025-05-01T18:10:22,4500.0,debit,,Matthew Okereke,Zenith Bank Plc,000015,Buy Data bundle,data,62l0frw16e006,,
cust_demo,2025-04-28T08:57:37,10000.0,debit,4654015989,Damilola Ajayi,Zenith Bank Plc,000015,Send to OPEYEMI SAMUEL OLUWAGBEMIGA,transfer,032ku66nb2503,,
cust_demo,2025-04-26T21:09:45,1350.0,debit,4654015989,Damilola Ajayi,Zenith Bank Plc,000015,Send to OPEYEMI SAMUEL OLUWAGBEMIGA,transfer,032kreqv81f00,,
cust_demo,2025-04-25T13:59:50,5000.0,debit,4654015989,Damilola Ajayi,Zenith Bank Plc,000015,Send to OPEYEMI SAMUEL OLUWAGBEMIGA,transfer,032kp06cb0402,,
cust_demo,2025-04-20T21:18:12,9000.0,debit,4654015989,Damilola Ajayi,Zenith Bank Plc,000015,Send to OPEYEMI SAMUEL OLUWAGBEMIGA,transfer,032kgb4yb1b01,,
cust_demo,2025-04-19T10:37:38,4900.0,debit,4654015989,Damilola Ajayi,Zenith Bank Plc,000015,Send to OPEYEMI SAMUEL OLUWAGBEMIGA,transfer,032kdmtcb1505,,
cust_demo,2025-04-17T21:24:17,450.0,debit,,Matthew Okereke,Zenith Bank Plc,000015,Buy Data bundle,data,62karf3165006,,
cust_demo,2025-04-17T13:50:43,4470.0,debit,,Matthew Okereke,Zenith Bank Plc,000015,Top up Airtime,airtime,132ka6f5b5f00,,
cust_demo,2025-04-17T12:13:52,800.0,debit,4120429650,John Okafor,GTBank Plc,000013,Send to WOSILAT BLESSING MOMOH,transfer,032ka1xqb1f02,,
cust_demo,2025-04-15T19:28:36,1000.0,debit,5379627914,Ahmad Sadiq,United Bank for Africa,000004,Send to MURITALA BIDEMI Adeyemi,transfer,032k6wqaad608,,
cust_demo,2025-04-15T13:40:54,5200.0,debit,9384954219,Christiana Musa,First Bank of Nigeria,000016,Send to MARIAM OPEYEMI ADEBAMIJOKO,transfer,032k6gmsb1701,,
cust_demo,2025-04-12T08:03:38,5000.0,debit,4654015989,Damilola Ajayi,Zenith Bank Plc,000015,Send to OPEYEMI SAMUEL OLUWAGBEMIGA,transfer,032k0h0oac200,,
cust_demo,2025-04-12T08:02:29,19900.0,credit,3686131324,Sola Ogundipe,Ecobank Bank,000010,Interbank transfer,transfer,602k0gyr11f06,,
cust_demo,2025-04-05T13:45:36,10000.0,credit,3686131324,Sola Ogundipe,Ecobank Bank,000010,Interbank transfer,transfer,602jny6m11006,,
cust_demo,2025-04-05T13:43:06,9000.0,debit,8019388086,Esther Okonkwo,United Bank for Africa,000004,Send to ABAYOMI MATTHEW OLUSANYA,transfer,032jny2ga7404,,
cust_demo,2025-04-01T17:11:23,4100.0,debit,1831773708,Kayode Ilori,Wema Bank,000017,Send to JUMOKE  AROGUNJO,transfer,032jgt1lb1101,,
cust_demo,2025-04-01T08:53:51,2970.0,debit,,Enivwenae Okoduwa,Wema Bank,000017,Buy Data bundle,data,62jg60d14f016,,
cust_demo,2025-03-28T08:35:18,4000.0,debit,4654015989,Damilola Ajayi,Zenith Bank Plc,000015,Send to OPEYEMI SAMUEL OLUWAGBEMIGA,transfer,032j8qhg9c500,,
cust_demo,2025-03-27T23:10:17,181400.0,credit,3686131324,Sola Ogundipe,Ecobank Bank,000010,Interbank transfer,transfer,602j80br11201,,
cust_demo,2025-03-27T13:16:04,1000.0,debit,4654015989,Damilola Ajayi,Zenith Bank Plc,000015,Send to OPEYEMI SAMUEL OLUWAGBEMIGA,transfer,032j78teaba03,,
cust_demo,2025-03-23T19:37:35,4970.0,debit,,Matthew Okereke,Zenith Bank Plc,000015,Buy Data bundle,data,62j0bt9151016,,
cust_demo,2025-03-20T18:05:15,1000.0,debit,5928406556,Wumi Ogunbanjo,Union Bank,000018,Send to YEMI OLAWUNMI OLUGBEMIGA,transfer,032iunjdae402,,
cust_demo,2025-03-18T15:58:11,25000.0,debit,0085432619,Osato Aigbe,Ecobank Bank,000010,Send to MAHMOUD ADEBISI KAREEM,transfer,032iqsbla1602,,
cust_demo,2025-03-13T21:42:51,4997.0,debit,,Tunde Bakare,Ecobank Bank,000010,Buy Data bundle,data,62ihyy1131016,,
cust_demo,2025-03-13T20:22:21,70.0,debit,,Tunde Bakare,Ecobank Bank,000010,Top up Airtime,airtime,132ihv7vc5f01,,
cust_demo,2025-03-12T15:27:05,300.0,debit,4292738700,Jamila Aliyu,GTBank Plc,000013,Send to OLADELE JANET ALABA,transfer,032ifmvraf600,,
cust_demo,2025-03-09T20:46:23,1200.0,debit,4654015989,Damilola Ajayi,Zenith Bank Plc,000015,Send to OPEYEMI SAMUEL OLUWAGBEMIGA,transfer,032iahnxaf804,,
cust_demo,2025-03-09T18:56:22,1400.0,debit,2933619334,Yinka Balogun,Access Bank,000014,Send to KAMOL OYEWOLE BOLAJOKO,transfer,032iackkaf702,,
cust_demo,2025-03-07T13:20:37,450.0,debit,,Folake Adeyemi,Access Bank,000014,Buy Data bundle,data,62i67oz116006,,
cust_demo,2025-02-28T14:32:12,17000.0,debit,4654015989,Damilola Ajayi,Zenith Bank Plc,000015,Send to OPEYEMI SAMUEL OLUWAGBEMIGA,transfer,032htccaa0505,,
cust_demo,2025-02-27T21:47:42,2992.0,debit,,Matthew Okereke,Zenith Bank Plc,000015,Buy Data bundle,data,62hs1u4c3a006,,
cust_demo,2025-02-26T14:48:48,19800.0,credit,3686131324,Sola Ogundipe,Ecobank Bank,000010,Interbank transfer,transfer,602hpnryf203,,
cust_demo,2025-02-26T14:36:50,50000.0,credit,3686131324,Sola Ogundipe,Ecobank Bank,000010,Interbank transfer,transfer,602hpn80f403,,
cust_demo,2025-02-26T12:28:11,1000.0,debit,4924565540,Richard Aliyu,United Bank for Africa,000004,Send to PRECIOUS PROMISE SAMUEL,transfer,032hph9lae004,,
cust_demo,2025-02-22T13:14:40,15000.0,debit,4197967274,Ovie Erhabor,Paycom(Opay),100004,Send to EMMANUEL AJINDE EGBOWON,transfer,032hi4r2a0505,,
cust_demo,2025-02-21T20:18:42,492.0,debit,,Hadiza Mohammed,Paycom(Opay),100004,Buy Data bundle,data,62hgtpsab9036,,
cust_demo,2025-02-21T08:38:53,4989.0,credit,5820072827,Onyinye Madu,PalmPay Limited,100033,Refund - Transfer to Jumia,uncategorized,502hfxbf15200,,
cust_demo,2025-02-19T12:21:49,497.0,debit,,Rabiu Auwal,PalmPay Limited,100033,Buy Data bundle,data,62hciaz9d1016,,
cust_demo,2025-02-17T20:15:25,95.0,debit,,Rabiu Auwal,PalmPay Limited,100033,Top up Airtime,airtime,132h9ewb98703,,
cust_demo,2025-02-15T18:15:15,345.0,debit,,Rabiu Auwal,PalmPay Limited,100033,Buy Data bundle,data,62h5k01c12036,,
cust_demo,2025-02-12T22:26:01,347.0,debit,,Rabiu Auwal,PalmPay Limited,100033,Buy Data bundle,data,62h0blzc0e036,,
cust_demo,2025-02-12T08:31:25,270.0,debit,8839120976,Doubra Kalio,Zenith Bank Plc,000015,Send to OPEN VTU-Ope,transfer,032gz8yzad20a,,
cust_demo,2025-02-08T19:05:49,2300.0,debit,9290494610,Matthew Okereke,Paycom(Opay),100004,Send to POS Transfer CLEMENT EJIH,transfer,032gsnob99601,,
cust_demo,2025-02-07T21:23:44,270.0,debit,8839120976,Doubra Kalio,Zenith Bank Plc,000015,Send to OPEN VTU-Ope,transfer,032gqze6ac904,,
cust_demo,2025-02-06T17:12:34,98.0,debit,,Matthew Okereke,Zenith Bank Plc,000015,Top up Airtime,airtime,132got3k87601,,
cust_demo,2025-02-06T15:15:36,270.0,debit,8839120976,Doubra Kalio,Zenith Bank Plc,000015,Send to OPEN VTU-Ope,transfer,032gonom86901,,
cust_demo,2025-02-05T22:27:27,270.0,debit,8839120976,Doubra Kalio,Zenith Bank Plc,000015,Send to OPEN VTU-Ope,transfer,032gnd0dad001,,
cust_demo,2025-02-05T16:04:40,250.0,debit,4654015989,Damilola Ajayi,Zenith Bank Plc,000015,Send to OPEYEMI SAMUEL OLUWAGBEMIGA,transfer,032gmvaead005,,
cust_demo,2025-02-05T12:49:57,270.0,debit,8839120976,Doubra Kalio,Zenith Bank Plc,000015,Send to OPEN VTU-Ope,transfer,032gmm9vace00,,
cust_demo,2025-02-05T12:42:01,20000.0,credit,3686131324,Sola Ogundipe,Ecobank Bank,000010,Interbank transfer,transfer,602gmlwnf305,,
cust_demo,2025-02-05T12:36:36,8989.0,debit,7258421338,Christiana Musa,GTBank Plc,000013,Jumia - Order,uncategorized,24242502051136369172,,
cust_demo,2025-02-05T12:30:43,4989.0,debit,7258421338,Christiana Musa,GTBank Plc,000013,Jumia - Order,uncategorized,24242502051130439205,,
cust_demo,2025-02-05T02:09:25,270.0,debit,8839120976,Doubra Kalio,Zenith Bank Plc,000015,Send to OPEN VTU-Ope,transfer,032glsmb6f000,,
cust_demo,2025-02-05T00:12:59,270.0,debit,8839120976,Doubra Kalio,Zenith Bank Plc,000015,Send to OPEN VTU-Ope,transfer,032gln89acd00,,
cust_demo,2025-02-04T22:37:27,300.0,debit,8839120976,Doubra Kalio,Zenith Bank Plc,000015,Send to OPEN VTU-Ope,transfer,032glit1ad001,,
cust_demo,2025-02-04T14:25:56,260.0,debit,8839120976,Doubra Kalio,Zenith Bank Plc,000015,Send to OPEN VTU-Ope,transfer,032gkw1u90509,,
cust_demo,2025-02-04T09:44:52,2000.0,debit,5928406556,Wumi Ogunbanjo,Union Bank,000018,Send to YEMI OLAWUNMI OLUGBEMIGA,transfer,032gkj1e99601,,
cust_demo,2025-02-03T14:07:16,270.0,debit,8839120976,Doubra Kalio,Zenith Bank Plc,000015,Send to OPEN VTU-Ope,transfer,032gj0iqacc02,,
cust_demo,2025-02-02T18:37:22,1000.0,debit,9290494610,Matthew Okereke,Paycom(Opay),100004,Send to POS Transfer CLEMENT EJIH,transfer,032ghicw4bc06,,
cust_demo,2025-02-02T18:17:14,1000.0,debit,9290494610,Matthew Okereke,Paycom(Opay),100004,Send to POS Transfer CLEMENT EJIH,transfer,032ghhfcac902,,
cust_demo,2025-02-02T17:59:19,270.0,debit,8839120976,Doubra Kalio,Zenith Bank Plc,000015,Send to OPEN VTU-Ope,transfer,032ghglh99600,,
cust_demo,2025-02-02T00:20:22,270.0,debit,8839120976,Doubra Kalio,Zenith Bank Plc,000015,Send to OPEN VTU-Ope,transfer,032gg3kk86900,,
cust_demo,2025-01-31T17:30:53,5989.0,credit,5820072827,Onyinye Madu,PalmPay Limited,100033,Refund - Transfer to Jumia,uncategorized,502gdpy314d00,,
cust_demo,2025-01-30T18:12:21,100.0,debit,,Rabiu Auwal,PalmPay Limited,100033,Buy Data bundle,data,62gbx77bfa006,,
cust_demo,2025-01-30T18:05:50,270.0,debit,8839120976,Doubra Kalio,Zenith Bank Plc,000015,Send to OPEN VTU-Ope,transfer,032gbwwca0a03,,
cust_demo,2025-01-29T16:47:13,270.0,debit,8839120976,Doubra Kalio,Zenith Bank Plc,000015,Send to OPEN VTU-Ope,transfer,032g9ylbad107,,
cust_demo,2025-01-28T01:36:53,100.0,debit,,Matthew Okereke,Zenith Bank Plc,000015,Buy Data bundle,data,62g6xs3c00006,,
cust_demo,2025-01-27T22:12:35,270.0,debit,4654015989,Damilola Ajayi,Zenith Bank Plc,000015,Send to OPEYEMI SAMUEL OLUWAGBEMIGA,transfer,032g6obl52301,,
cust_demo,2025-01-27T21:16:54,270.0,debit,8839120976,Doubra Kalio,Zenith Bank Plc,000015,Send to OPEN VTU-Ope,transfer,032g6lqsad101,,
cust_demo,2025-01-27T12:49:19,270.0,debit,8839120976,Doubra Kalio,Zenith Bank Plc,000015,Send to OPEN VTU-Ope,transfer,032g5y8tace04,,
cust_demo,2025-01-27T10:39:25,4000.0,debit,7949271242,Chukwuka Oti,Wema Bank,000017,Send to UGOCHINYERE VICTOR UDEOYIBO,transfer,032g5s8baca05,,
cust_demo,2025-01-26T18:17:48,700.0,debit,4222224360,Khadija Abdullahi,Union Bank,000018,Send to IKENNA UCHENNA ODORIMO,transfer,032g4isaacf05,,
cust_demo,2025-01-26T18:06:20,2900.0,debit,9290494610,Matthew Okereke,Paycom(Opay),100004,Send to POS Transfer CLEMENT EJIH,transfer,032g4i96ad003,,
cust_demo,2025-01-26T01:07:22,5989.0,debit,7258421338,Christiana Musa,GTBank Plc,000013,Jumia - Order,uncategorized,24242501260007228106,,
cust_demo,2025-01-25T10:19:02,269.0,debit,8839120976,Doubra Kalio,Zenith Bank Plc,000015,Send to OPEN VTU-Ope,transfer,032g21yc86900,,
cust_demo,2025-01-24T18:51:33,500.0,debit,4222224360,Khadija Abdullahi,Union Bank,000018,Send to IKENNA UCHENNA ODORIMO,transfer,032g0v0jac900,,
cust_demo,2025-01-24T13:49:01,4000.0,debit,0960840715,Amina Suleiman,Fidelity Bank,000007,Send to CHINAZA SOMTOCHUKWU ARINZE,transfer,032g0h0baca03,,
cust_demo,2025-01-24T13:24:59,300.0,debit,9311377918,Wumi Ogunbanjo,Fidelity Bank,000007,Send to FUNMILAYO KUDIRAT MADASI,transfer,032g0fw9acd03,,
cust_demo,2025-01-24T13:20:37,400.0,debit,8026640810,Obioma Ejiofor,GTBank Plc,000013,Send to IBUKUNOLU RUTH KUJORE,transfer,032g0fozace03,,
cust_demo,2025-01-22T14:49:18,200.0,debit,,Ejike Anozie,GTBank Plc,000013,Buy Data bundle,data,62fwugsbfb036,,
cust_demo,2025-01-20T17:53:49,1400.0,debit,4222224360,Khadija Abdullahi,Union Bank,000018,Send to IKENNA UCHENNA ODORIMO,transfer,032ftdob9f204,,
cust_demo,2025-01-20T15:14:42,400.0,debit,,Damilola Ajayi,Union Bank,000018,Buy Data bundle,data,62ft6b4bfe006,,
cust_demo,2025-01-20T15:06:35,230.0,debit,2551629071,Osayi Uwadia,First Bank of Nigeria,000016,Send to MFY / OPEN VTU SAMUEL OPEYEMI OLUWAGBEMIGA,transfer,032ft5xlac201,,
cust_demo,2025-01-19T22:55:06,270.0,debit,2551629071,Osayi Uwadia,First Bank of Nigeria,000016,Send to MFY / OPEN VTU SAMUEL OPEYEMI OLUWAGBEMIGA,transfer,032frwygac401,,
cust_demo,2025-01-14T20:22:56,11900.0,credit,3686131324,Sola Ogundipe,Ecobank Bank,000010,Interbank transfer,transfer,602figkudf02,,
cust_demo,2025-01-14T08:25:24,10500.0,credit,3686131324,Sola Ogundipe,Ecobank Bank,000010,Interbank transfer,transfer,602fhjcye006,,
cust_demo,2025-01-14T07:26:28,200.0,debit,,Tunde Bakare,Ecobank Bank,000010,Buy Data bundle,data,62fhgmqb2f006,,
cust_demo,2025-01-14T07:20:11,270.0,debit,2551629071,Osayi Uwadia,First Bank of Nigeria,000016,Send to MFY / OPEN VTU SAMUEL OPEYEMI OLUWAGBEMIGA,transfer,032fhgc958202,,
cust_demo,2025-01-13T11:56:27,400.0,debit,,Folake Adeyemi,First Bank of Nigeria,000016,Buy Data bundle,data,62ffygpbf8016,,
cust_demo,2025-01-13T11:23:36,10500.0,debit,4654015989,Damilola Ajayi,Zenith Bank Plc,000015,Send to OPEYEMI SAMUEL OLUWAGBEMIGA,transfer,032ffwxyab902,,
cust_demo,2025-01-10T14:36:26,13900.0,debit,4654015989,Damilola Ajayi,Zenith Bank Plc,000015,Send to OPEYEMI SAMUEL OLUWAGBEMIGA,transfer,032falvcab300,,
cust_demo,2025-01-09T09:56:17,19900.0,credit,3686131324,Sola Ogundipe,Ecobank Bank,000010,Interbank transfer,transfer,602f8e8fe208,,
cust_demo,2025-01-09T01:23:19,5980.0,debit,7258421338,Christiana Musa,GTBank Plc,000013,Jumia - Order,uncategorized,24242501090023192243,,
cust_demo,2025-01-01T14:50:16,1200.0,debit,9827697648,Rukayya Danjuma,PalmPay Limited,100033,Send to CHIHURUMNANYA BELOVED EZEKIEL,transfer,032etyieaa902,,
cust_demo,2024-12-30T17:22:02,40000.0,debit,4654015989,Damilola Ajayi,Zenith Bank Plc,000015,Send to OPEYEMI SAMUEL OLUWAGBEMIGA,transfer,032eqg7c9c006,,
cust_demo,2024-12-27T10:10:53,2400.0,debit,4654015989,Damilola Ajayi,Zenith Bank Plc,000015,Send to OPEYEMI SAMUEL OLUWAGBEMIGA,transfer,032ekc8raa801,,
cust_demo,2024-12-26T17:41:05,1400.0,debit,9845376297,Osaretin Igbinovia,Zenith Bank Plc,000015,Send to Khubz Bakery&Grills,transfer,032ej2f3a9803,,
cust_demo,2024-12-25T19:46:18,1600.0,debit,9863666330,John Okafor,First Bank of Nigeria,000016,Send to MUJIDAT TITILOPE BOLAJOKO,transfer,032ehdjsaa300,,
cust_demo,2024-12-25T14:56:53,1000.0,debit,2551629071,Osayi Uwadia,First Bank of Nigeria,000016,Send to MFY / OPEN VTU SAMUEL OPEYEMI OLUWAGBEMIGA,transfer,032eh05fa0e00,,
cust_demo,2024-12-24T21:37:33,2000.0,debit,9168470422,Andrew Okpara,Access Bank,000014,Send to AKEEM OLUYINKA JAMIU,transfer,032efo17aa402,,
cust_demo,2024-12-24T17:47:44,700.0,debit,6233147315,Halima Musa,GTBank Plc,000013,Send to SHOLA DAVID SHORUNGBE,transfer,032efde6aa406,,
cust_demo,2024-12-24T15:30:13,2000.0,debit,5928406556,Wumi Ogunbanjo,Union Bank,000018,Send to YEMI OLAWUNMI OLUGBEMIGA,transfer,032ef70za9806,,
cust_demo,2024-12-23T17:56:04,270.0,debit,2551629071,Osayi Uwadia,First Bank of Nigeria,000016,Send to MFY / OPEN VTU SAMUEL OPEYEMI OLUWAGBEMIGA,transfer,032edj42a9806,,
cust_demo,2024-12-23T17:13:30,50000.0,credit,3686131324,Sola Ogundipe,Ecobank Bank,000010,Interbank transfer,transfer,602edh54aa306,,
cust_demo,2024-12-23T11:23:19,3000.0,debit,2863427707,Umar Faruk,Access Bank,000014,Send to AHMAD AHMAD IBRAHIM,transfer,032ed0xha0e03,,
cust_demo,2024-12-22T03:49:02,80.0,debit,,Folake Adeyemi,Access Bank,000014,Buy Data bundle,data,62eal8c5ee006,,
cust_demo,2024-12-20T09:40:54,1997.0,debit,8018496186,Favour Ogbonna,Union Bank,000018,Electricity,uncategorized,12e7c6sbe1001,,
cust_demo,2024-12-19T18:52:14,97.0,debit,,Damilola Ajayi,Union Bank,000018,Top up Airtime,airtime,132e671o9f600,,
cust_demo,2024-12-16T19:55:08,5000.0,debit,1831773708,Kayode Ilori,Wema Bank,000017,Send to JUMOKE  AROGUNJO,transfer,032e0pyia6901,,
cust_demo,2024-12-15T20:22:03,1603.0,debit,4654015989,Damilola Ajayi,Zenith Bank Plc,000015,Send to OPEYEMI SAMUEL OLUWAGBEMIGA,transfer,032dywjda8405,,
cust_demo,2024-12-15T18:05:56,2000.0,debit,9290494610,Matthew Okereke,Paycom(Opay),100004,Send to POS Transfer CLEMENT EJIH,transfer,032dyq8ia8207,,
cust_demo,2024-12-15T17:44:32,1000.0,debit,4222224360,Khadija Abdullahi,Union Bank,000018,Send to IKENNA UCHENNA ODORIMO,transfer,032dyp8u69406,,
cust_demo,2024-12-15T12:28:02,97.0,debit,,Damilola Ajayi,Union Bank,000018,Top up Airtime,airtime,132dyalcb9e00,,
cust_demo,2024-12-15T12:27:22,100.0,debit,,Damilola Ajayi,Union Bank,000018,Top up Airtime,airtime,132dyak896d01,,
cust_demo,2024-12-15T12:25:13,5150.0,debit,4654015989,Damilola Ajayi,Zenith Bank Plc,000015,Send to OPEYEMI SAMUEL OLUWAGBEMIGA,transfer,032dyagn9e704,,
cust_demo,2024-12-15T12:04:57,12000.0,credit,3686131324,Sola Ogundipe,Ecobank Bank,000010,Interbank transfer,transfer,602dy9iva6606,,
cust_demo,2024-12-11T19:46:14,145.0,debit,,Tunde Bakare,Ecobank Bank,000010,Buy Data bundle,data,62drg7ob91006,,
cust_demo,2024-12-10T14:20:01,259.15,debit,4654015989,Damilola Ajayi,Zenith Bank Plc,000015,Send to OPEYEMI SAMUEL OLUWAGBEMIGA,transfer,032dp6fz9320a,,
cust_demo,2024-12-10T13:48:51,1000.0,debit,9311377918,Wumi Ogunbanjo,Fidelity Bank,000007,Send to FUNMILAYO KUDIRAT MADASI,transfer,032dp50141902,,
cust_demo,2024-12-09T19:01:53,2750.0,debit,9290494610,Matthew Okereke,Paycom(Opay),100004,Send to POS Transfer CLEMENT EJIH,transfer,032dnotra7304,,
cust_demo,2024-12-09T08:48:07,347.0,debit,,Hadiza Mohammed,Paycom(Opay),100004,Buy Data bundle,data,62dmwetb76016,,
cust_demo,2024-12-09T08:47:34,1700.0,debit,4654015989,Damilola Ajayi,Zenith Bank Plc,000015,Send to OPEYEMI SAMUEL OLUWAGBEMIGA,transfer,032dmwdw9cb04,,
cust_demo,2024-12-08T20:10:06,270.0,debit,2551629071,Osayi Uwadia,First Bank of Nigeria,000016,Send to MFY / OPEN VTU SAMUEL OPEYEMI OLUWAGBEMIGA,transfer,032dlxbga7504,,
cust_demo,2024-12-08T20:06:55,320.0,debit,4654015989,Damilola Ajayi,Zenith Bank Plc,000015,Send to OPEYEMI SAMUEL OLUWAGBEMIGA,transfer,032dlx65a7206,,
cust_demo,2024-12-07T19:53:15,400.0,debit,5928406556,Wumi Ogunbanjo,Union Bank,000018,Send to YEMI OLAWUNMI OLUGBEMIGA,transfer,032dk1vd93205,,
cust_demo,2024-12-07T18:24:18,270.0,debit,2551629071,Osayi Uwadia,First Bank of Nigeria,000016,Send to MFY / OPEN VTU SAMUEL OPEYEMI OLUWAGBEMIGA,transfer,032djxr460f00,,
cust_demo,2024-12-07T11:49:52,270.0,debit,2551629071,Osayi Uwadia,First Bank of Nigeria,000016,Send to MFY / OPEN VTU SAMUEL OPEYEMI OLUWAGBEMIGA,transfer,032djfhqa7002,,
cust_demo,2024-12-06T19:11:30,97.0,debit,,Folake Adeyemi,First Bank of Nigeria,000016,Top up Airtime,airtime,132di59s87800,,
cust_demo,2024-12-06T16:08:16,270.0,debit,2551629071,Osayi Uwadia,First Bank of Nigeria,000016,Send to MFY / OPEN VTU SAMUEL OPEYEMI OLUWAGBEMIGA,transfer,032dhwsea7204,,
cust_demo,2024-12-05T17:42:39,3000.0,debit,5928406556,Wumi Ogunbanjo,Union Bank,000018,Send to YEMI OLAWUNMI OLUGBEMIGA,transfer,032dg6hp93202,,
cust_demo,2024-12-05T14:18:56,270.0,debit,2551629071,Osayi Uwadia,First Bank of Nigeria,000016,Send to MFY / OPEN VTU SAMUEL OPEYEMI OLUWAGBEMIGA,transfer,032dfx2660f00,,
cust_demo,2024-12-03T15:24:27,6300.0,debit,0299771455,Ngozi Eze,Ecobank Bank,000010,Send to ADEDIWURA OLUWASEUN LAWAL,transfer,032dcarda5207,,
cust_demo,2024-12-03T13:56:15,3000.0,debit,4654015989,Damilola Ajayi,Zenith Bank Plc,000015,Send to OPEYEMI SAMUEL OLUWAGBEMIGA,transfer,032dc6od4e800,,
cust_demo,2024-11-30T22:18:36,270.0,debit,2551629071,Osayi Uwadia,First Bank of Nigeria,000016,Send to MFY / OPEN VTU SAMUEL OPEYEMI OLUWAGBEMIGA,transfer,032d79xm51801,,
cust_demo,2024-11-30T14:39:32,6500.0,debit,0299771455,Ngozi Eze,Ecobank Bank,000010,Send to ADEDIWURA OLUWASEUN LAWAL,transfer,032d6ooia5602,,
cust_demo,2024-11-27T14:14:46,3676.0,debit,4654015989,Damilola Ajayi,Zenith Bank Plc,000015,Send to OPEYEMI SAMUEL OLUWAGBEMIGA,transfer,032d13j87f902,,
cust_demo,2024-11-26T21:15:18,265.0,debit,2551629071,Osayi Uwadia,First Bank of Nigeria,000016,Send to MFY / OPEN VTU SAMUEL OPEYEMI OLUWAGBEMIGA,transfer,032czsc4a2105,,
cust_demo,2024-11-26T19:57:38,94.0,debit,,Folake Adeyemi,First Bank of Nigeria,000016,Top up Airtime,airtime,132czoqo7c401,,
cust_demo,2024-11-24T16:19:23,270.0,debit,2551629071,Osayi Uwadia,First Bank of Nigeria,000016,Send to MFY / OPEN VTU SAMUEL OPEYEMI OLUWAGBEMIGA,transfer,032cvpaxa0f01,,
cust_demo,2024-11-23T13:33:05,265.0,debit,2551629071,Osayi Uwadia,First Bank of Nigeria,000016,Send to MFY / OPEN VTU SAMUEL OPEYEMI OLUWAGBEMIGA,transfer,032ctmxr43208,,
cust_demo,2024-11-23T09:57:37,400.0,debit,0942046657,Ifeoma Nnamdi,First Bank of Nigeria,000016,Send to ELIZABETH KEMI OGUNYALE,transfer,032ctcyn43200,,
cust_demo,2024-11-23T07:48:19,500.0,debit,5928406556,Wumi Ogunbanjo,Union Bank,000018,Send to YEMI OLAWUNMI OLUGBEMIGA,transfer,032ct6z5a1805,,
cust_demo,2024-11-22T18:55:41,180.0,debit,,Damilola Ajayi,Union Bank,000018,Top up Airtime,airtime,132cs77fb2d00,,
cust_demo,2024-11-21T20:46:01,560.0,debit,2551629071,Osayi Uwadia,First Bank of Nigeria,000016,Send to MFY / OPEN VTU SAMUEL OPEYEMI OLUWAGBEMIGA,transfer,032cqhnba1402,,
cust_demo,2024-11-21T10:13:41,1998.0,debit,8018496186,Favour Ogbonna,Union Bank,000018,Electricity,uncategorized,12cpodfb2f001,,
cust_demo,2024-11-20T00:07:45,50.0,debit,,Damilola Ajayi,Union Bank,000018,Buy Data bundle,data,62cn1njb30026,,
cust_demo,2024-11-17T01:19:51,50.0,debit,,Damilola Ajayi,Union Bank,000018,Buy Data bundle,data,62chkzpab6016,,
cust_demo,2024-11-16T22:57:27,200.0,debit,,Damilola Ajayi,Union Bank,000018,Buy Data bundle,data,62cheedb24026,,
cust_demo,2024-11-16T13:57:30,280.0,debit,,Damilola Ajayi,Union Bank,000018,Buy Data bundle,data,62cgpegac6006,,
cust_demo,2024-11-16T13:45:19,500.0,credit,3686131324,Sola Ogundipe,Ecobank Bank,000010,Interbank transfer,transfer,602cgou5a0707,,
cust_demo,2024-11-15T17:37:37,2500.0,debit,9290494610,Matthew Okereke,Paycom(Opay),100004,Send to POS Transfer CLEMENT EJIH,transfer,032cf4xba0a04,,
cust_demo,2024-11-13T18:35:23,2000.0,debit,9290494610,Matthew Okereke,Paycom(Opay),100004,Send to POS Transfer CLEMENT EJIH,transfer,032cbi9la0101,,
cust_demo,2024-11-12T17:59:59,3000.0,debit,5928406556,Wumi Ogunbanjo,Union Bank,000018,Send to YEMI OLAWUNMI OLUGBEMIGA,transfer,032c9lyl9eb00,,
cust_demo,2024-11-11T20:44:41,270.0,debit,4654015989,Damilola Ajayi,Zenith Bank Plc,000015,Send to OPEYEMI SAMUEL OLUWAGBEMIGA,transfer,032c7yx39eb00,,
cust_demo,2024-11-11T20:10:36,1300.0,debit,8018496186,Favour Ogbonna,Union Bank,000018,Electricity,uncategorized,12c7xcab18021,,
cust_demo,2024-11-02T13:15:22,549.0,debit,,Damilola Ajayi,Union Bank,000018,Buy Data bundle,data,62bqq48b04006,,
cust_demo,2024-11-02T03:00:55,47.0,debit,,Damilola Ajayi,Union Bank,000018,Buy Data bundle,data,62bpxo5a3d006,,
cust_demo,2024-11-01T21:30:25,100.0,credit,3686131324,Sola Ogundipe,Ecobank Bank,000010,Interbank transfer,transfer,602bpidb80008,,
cust_demo,2024-10-30T15:45:40,300.0,debit,4654015989,Damilola Ajayi,Zenith Bank Plc,000015,Send to OPEYEMI SAMUEL OLUWAGBEMIGA,transfer,032bld2q9da06,,
cust_demo,2024-10-30T13:02:16,200.0,debit,4654015989,Damilola Ajayi,Zenith Bank Plc,000015,Send to OPEYEMI SAMUEL OLUWAGBEMIGA,transfer,032bl5ie91803,,
cust_demo,2024-10-29T14:50:08,500.0,debit,4654015989,Damilola Ajayi,Zenith Bank Plc,000015,Send to OPEYEMI SAMUEL OLUWAGBEMIGA,transfer,032bjfu69d008,,
cust_demo,2024-10-26T20:11:20,1500.0,debit,8565976310,Ifeoma Nnamdi,Ecobank Bank,000010,Send to abosede Falilat Olatilewa,transfer,032beapi9b806,,
cust_demo,2024-10-26T08:27:37,415.0,debit,4654015989,Damilola Ajayi,Zenith Bank Plc,000015,Send to OPEYEMI SAMUEL OLUWAGBEMIGA,transfer,032bde4n9b402,,
cust_demo,2024-10-24T17:58:25,7000.0,debit,3883009749,Folake Adeyemi,Paycom(Opay),100004,Send to AWO JAMES ADOGA,transfer,032baf7z9a608,,
cust_demo,2026-07-13T09:31:54,1000.0,debit,3964503361,Chibuzo Ugwu,Fidelity Bank,000007,Send to Tceefastpay and store,transfer,0337ivrs2b00,,
cust_demo,2026-07-13T08:29:07,600.0,debit,7910098112,Maryam Tijjani,Kuda Microfinance Bank,090267,Send to UMAR BULBULI MUHAMMAD,transfer,0337isv58200,,
cust_demo,2026-07-12T21:45:56,200.0,debit,7910098112,Maryam Tijjani,Kuda Microfinance Bank,090267,Send to UMAR BULBULI MUHAMMAD,transfer,0337hz36de00,,
cust_demo,2026-07-12T21:33:11,200.0,debit,7910098112,Maryam Tijjani,Kuda Microfinance Bank,090267,Send to UMAR BULBULI MUHAMMAD,transfer,0337hyhx7302,,
cust_demo,2026-07-12T17:13:29,100.0,debit,7910098112,Maryam Tijjani,Kuda Microfinance Bank,090267,Send to UMAR BULBULI MUHAMMAD,transfer,0337hmh37d04,,
cust_demo,2026-07-12T07:34:32,200.0,debit,7910098112,Maryam Tijjani,Kuda Microfinance Bank,090267,Send to UMAR BULBULI MUHAMMAD,transfer,0337gvo63a02,,
cust_demo,2026-07-12T06:45:38,600.0,debit,7910098112,Maryam Tijjani,Kuda Microfinance Bank,090267,Send to UMAR BULBULI MUHAMMAD,transfer,0337gteo8502,,
cust_demo,2026-07-12T06:31:43,300.0,debit,,Maryam Tijjani,Kuda Microfinance Bank,090267,Buy Data bundle,data,637gsrh9508,,
cust_demo,2026-07-11T21:05:10,700.0,debit,7910098112,Maryam Tijjani,Kuda Microfinance Bank,090267,Send to UMAR BULBULI MUHAMMAD,transfer,0337g2j8b504,,
cust_demo,2026-07-11T21:00:12,500.0,debit,8708578018,Kunle Adebayo,Fidelity Bank,000007,Send to POS Transfer NDUBUISI PAUL OPOKE,transfer,0337g2ay8501,,
cust_demo,2026-07-11T20:44:41,600.0,debit,7910098112,Maryam Tijjani,Kuda Microfinance Bank,090267,Send to UMAR BULBULI MUHAMMAD,transfer,0337g1l33900,,
cust_demo,2026-07-11T12:57:25,100.0,debit,7910098112,Maryam Tijjani,Kuda Microfinance Bank,090267,Send to UMAR BULBULI MUHAMMAD,transfer,0337ffyb8603,,
cust_demo,2026-07-11T11:35:19,100.0,debit,7910098112,Maryam Tijjani,Kuda Microfinance Bank,090267,Send to UMAR BULBULI MUHAMMAD,transfer,0337fc5hb703,,
cust_demo,2026-07-11T10:22:09,700.0,debit,7910098112,Maryam Tijjani,Kuda Microfinance Bank,090267,Send to UMAR BULBULI MUHAMMAD,transfer,0337f8rj2303,,
cust_demo,2026-07-11T08:45:05,100.0,debit,7910098112,Maryam Tijjani,Kuda Microfinance Bank,090267,Send to UMAR BULBULI MUHAMMAD,transfer,0337f49r5200,,
cust_demo,2026-07-11T07:31:33,1000.0,debit,7910098112,Maryam Tijjani,Kuda Microfinance Bank,090267,Send to UMAR BULBULI MUHAMMAD,transfer,0337f0v72b02,,
cust_demo,2026-07-09T18:59:11,470.0,debit,,Maryam Tijjani,Kuda Microfinance Bank,090267,Buy Data bundle,data,637c7d9e7006,,
cust_demo,2026-07-09T18:26:43,1000.0,debit,1801463787,Osaretin Igbinovia,Access Bank,000014,Send to MUMUNI ALADE ADEOTI,transfer,0337c5v52704,,
cust_demo,2026-07-09T07:43:15,600.0,debit,7910098112,Maryam Tijjani,Kuda Microfinance Bank,090267,Send to UMAR BULBULI MUHAMMAD,transfer,0337bc2p3a00,,
cust_demo,2026-07-09T06:37:14,300.0,debit,,Maryam Tijjani,Kuda Microfinance Bank,090267,Buy Data bundle,data,637b90o1600,,
cust_demo,2026-07-08T21:31:52,300.0,debit,7910098112,Maryam Tijjani,Kuda Microfinance Bank,090267,Send to UMAR BULBULI MUHAMMAD,transfer,0337ajrqee02,,
cust_demo,2026-07-08T15:10:06,1000.0,debit,1050661459,Ekene Nwankwo,Wema Bank,000017,Send to KAYODE OLAYIWOLA FAOLA,transfer,0337a23g5901,,
cust_demo,2026-07-08T13:27:31,1200.0,debit,3964864600,Suoyo Amachree,Union Bank,000018,Send to POS Transfer ADEOLA ASUNMO,transfer,03379xch7002,,
cust_demo,2026-07-07T20:39:08,500.0,debit,7910098112,Maryam Tijjani,Kuda Microfinance Bank,090267,Send to UMAR BULBULI MUHAMMAD,transfer,03378mnu7004,,
cust_demo,2026-07-07T10:04:24,1000.0,debit,7910098112,Maryam Tijjani,Kuda Microfinance Bank,090267,Send to UMAR BULBULI MUHAMMAD,transfer,03377t9yf903,,
cust_demo,2026-07-07T09:43:23,420.0,debit,9750503890,Ronke Fagbenle,StanbicIBTC Bank,000012,Send to POS Transfer OLAMIDE TITILAYO AJENIFUJA,transfer,03377saxb601,,
cust_demo,2026-07-07T08:53:03,300.0,debit,7910098112,Maryam Tijjani,Kuda Microfinance Bank,090267,Send to UMAR BULBULI MUHAMMAD,transfer,03377pz12700,,
cust_demo,2026-07-06T21:30:24,400.0,debit,7910098112,Maryam Tijjani,Kuda Microfinance Bank,090267,Send to UMAR BULBULI MUHAMMAD,transfer,03376uda5502,,
cust_demo,2026-07-06T09:31:05,200.0,debit,7910098112,Maryam Tijjani,Kuda Microfinance Bank,090267,Send to UMAR BULBULI MUHAMMAD,transfer,03375x2f6f01,,
cust_demo,2026-07-06T09:31:17,300.0,debit,,Maryam Tijjani,Kuda Microfinance Bank,090267,Buy Data bundle,data,6375oul330f2,,
cust_demo,2026-07-06T09:29:16,420.0,debit,9750503890,Ronke Fagbenle,StanbicIBTC Bank,000012,Send to POS Transfer OLAMIDE TITILAYO AJENIFUJA,transfer,03375wze5000,,
cust_demo,2026-07-05T08:17:48,300.0,debit,7910098112,Maryam Tijjani,Kuda Microfinance Bank,090267,Send to UMAR BULBULI MUHAMMAD,transfer,03373z0a9c00,,
cust_demo,2026-07-04T21:51:52,200.0,debit,5127116814,Musa Ibrahim,Union Bank,000018,Send to MUHAMMAD DANINNA,transfer,03373612cf00,,
cust_demo,2026-07-04T20:42:22,200.0,debit,5127116814,Musa Ibrahim,Union Bank,000018,Send to MUHAMMAD DANINNA,transfer,033732t8a003,,
cust_demo,2026-07-04T19:25:48,100.0,debit,5127116814,Musa Ibrahim,Union Bank,000018,Send to MUHAMMAD DANINNA,transfer,03372z9m5003,,
cust_demo,2026-07-04T10:42:02,100.0,debit,5127116814,Musa Ibrahim,Union Bank,000018,Send to MUHAMMAD DANINNA,transfer,03372b0o6f02,,
cust_demo,2026-07-04T08:33:37,200.0,debit,5127116814,Musa Ibrahim,Union Bank,000018,Send to MUHAMMAD DANINNA,transfer,0337252n2e00,,
cust_demo,2026-07-03T19:08:05,600.0,debit,5127116814,Musa Ibrahim,Union Bank,000018,Send to MUHAMMAD DANINNA,transfer,033713s3a005,,
cust_demo,2026-07-03T16:03:11,500.0,debit,5127116814,Musa Ibrahim,Union Bank,000018,Send to MUHAMMAD DANINNA,transfer,03370v7xcf06,,
cust_demo,2026-07-03T12:27:38,100.0,debit,5127116814,Musa Ibrahim,Union Bank,000018,Send to MUHAMMAD DANINNA,transfer,03370l8o4d00,,
cust_demo,2026-07-03T07:46:05,250.0,debit,5127116814,Musa Ibrahim,Union Bank,000018,Send to MUHAMMAD DANINNA,transfer,0337087f6f03,,
cust_demo,2026-07-03T07:26:37,450.0,debit,5127116814,Musa Ibrahim,Union Bank,000018,Send to MUHAMMAD DANINNA,transfer,033707az5500,,
cust_demo,2026-07-03T07:08:08,400.0,debit,5127116814,Musa Ibrahim,Union Bank,000018,Send to MUHAMMAD DANINNA,transfer,033706g69c01,,
cust_demo,2026-07-03T06:37:23,300.0,debit,,Damilola Ajayi,Union Bank,000018,Buy Data bundle,data,637050x605,,
cust_demo,2026-07-02T19:59:02,400.0,debit,5127116814,Musa Ibrahim,Union Bank,000018,Send to MUHAMMAD DANINNA,transfer,0336zbh02100,,
cust_demo,2026-07-02T12:10:37,100.0,debit,5127116814,Musa Ibrahim,Union Bank,000018,Send to MUHAMMAD DANINNA,transfer,0336ypsb7e03,,
cust_demo,2026-07-02T10:51:03,200.0,debit,5127116814,Musa Ibrahim,Union Bank,000018,Send to MUHAMMAD DANINNA,transfer,0336ym3pa001,,
cust_demo,2026-07-02T09:06:16,100.0,debit,5127116814,Musa Ibrahim,Union Bank,000018,Send to MUHAMMAD DANINNA,transfer,0336yh92d50a,,
cust_demo,2026-07-01T21:07:39,400.0,debit,5127116814,Musa Ibrahim,Union Bank,000018,Send to MUHAMMAD DANINNA,transfer,0336xjzdb801,,
cust_demo,2026-07-01T10:26:35,100.0,debit,5127116814,Musa Ibrahim,Union Bank,000018,Send to MUHAMMAD DANINNA,transfer,0336wqaxaf05,,
cust_demo,2026-07-01T09:46:56,420.0,debit,9750503890,Ronke Fagbenle,StanbicIBTC Bank,000012,Send to POS Transfer OLAMIDE TITILAYO AJENIFUJA,transfer,0336wogu105,,
cust_demo,2026-07-01T09:46:11,100.0,debit,5127116814,Musa Ibrahim,Union Bank,000018,Send to MUHAMMAD DANINNA,transfer,0336wofk5508,,
cust_demo,2026-06-30T20:42:24,200.0,debit,5127116814,Musa Ibrahim,Union Bank,000018,Send to MUHAMMAD DANINNA,transfer,0336vo5ae903,,
cust_demo,2026-06-30T19:57:03,200.0,debit,5127116814,Musa Ibrahim,Union Bank,000018,Send to MUHAMMAD DANINNA,transfer,0336vm1p2e01,,
cust_demo,2026-06-30T14:10:58,500.0,debit,9909834346,Ruth Balogun,StanbicIBTC Bank,000012,Send to POS Transfer CHRISTIAN CHIGEMEZUH NWADIKE,transfer,0336v60w5000,,
cust_demo,2026-06-30T12:52:17,1994.0,debit,,Ivie Aghedo,StanbicIBTC Bank,000012,Buy Data bundle,data,636v2dr92006,,
cust_demo,2026-06-30T10:45:04,300.0,debit,,Ivie Aghedo,StanbicIBTC Bank,000012,Buy Data bundle,data,636uwhq606,,
cust_demo,2026-06-30T09:39:06,600.0,debit,5127116814,Musa Ibrahim,Union Bank,000018,Send to MUHAMMAD DANINNA,transfer,0336utfs9d04,,
cust_demo,2026-06-30T09:20:57,200.0,debit,5127116814,Musa Ibrahim,Union Bank,000018,Send to MUHAMMAD DANINNA,transfer,0336uslje904,,
cust_demo,2026-06-29T20:57:49,300.0,debit,5127116814,Musa Ibrahim,Union Bank,000018,Send to MUHAMMAD DANINNA,transfer,0336tu6z6506,,
cust_demo,2026-06-29T15:48:23,1600.0,debit,9384954219,Christiana Musa,First Bank of Nigeria,000016,Send to MARIAM OPEYEMI ADEBAMIJOKO,transfer,0336tfv96d05,,
cust_demo,2026-06-29T09:26:05,500.0,debit,5127116814,Musa Ibrahim,Union Bank,000018,Send to MUHAMMAD DANINNA,transfer,0336sy636b01,,
cust_demo,2026-06-29T09:24:32,520.0,debit,9750503890,Ronke Fagbenle,StanbicIBTC Bank,000012,Send to POS Transfer OLAMIDE TITILAYO AJENIFUJA,transfer,0336sy3i6b01,,
cust_demo,2026-06-28T21:29:43,200.0,debit,5127116814,Musa Ibrahim,Union Bank,000018,Send to MUHAMMAD DANINNA,transfer,0336s105e701,,
cust_demo,2026-06-28T19:15:32,900.0,debit,3964864600,Suoyo Amachree,Union Bank,000018,Send to POS Transfer ADEOLA ASUNMO,transfer,0336rusi003,,
cust_demo,2026-06-28T18:08:22,10990.0,debit,0326671297,Hadiza Mohammed,Zenith Bank Plc,000015,Send to MFY/JUMIAPAY-JUM,transfer,0336rrok9e00,,
cust_demo,2026-06-28T09:32:47,1000.0,debit,8394332740,Ahmad Sadiq,Zenith Bank Plc,000015,Send to Faatimooh venture,transfer,0336r3t96603,,
cust_demo,2026-06-28T09:10:18,100.0,debit,5127116814,Musa Ibrahim,Union Bank,000018,Send to MUHAMMAD DANINNA,transfer,0336r2rs2c02,,
cust_demo,2026-06-28T08:20:36,1200.0,debit,5127116814,Musa Ibrahim,Union Bank,000018,Send to MUHAMMAD DANINNA,transfer,0336r0gy4401,,
cust_demo,2026-06-27T21:03:32,200.0,debit,5127116814,Musa Ibrahim,Union Bank,000018,Send to MUHAMMAD DANINNA,transfer,0336q54i8402,,
cust_demo,2026-06-27T12:57:41,300.0,debit,5127116814,Musa Ibrahim,Union Bank,000018,Send to MUHAMMAD DANINNA,transfer,0336pimr6500,,
cust_demo,2026-06-27T11:39:18,200.0,debit,5127116814,Musa Ibrahim,Union Bank,000018,Send to MUHAMMAD DANINNA,transfer,0336pf04db01,,
cust_demo,2026-06-27T08:54:53,600.0,debit,5127116814,Musa Ibrahim,Union Bank,000018,Send to MUHAMMAD DANINNA,transfer,0336p7e32601,,
cust_demo,2026-06-27T06:53:47,300.0,debit,,Damilola Ajayi,Union Bank,000018,Buy Data bundle,data,636p1s9b09,,
cust_demo,2026-06-26T20:28:42,200.0,debit,5127116814,Musa Ibrahim,Union Bank,000018,Send to MUHAMMAD DANINNA,transfer,0336o8ugfd05,,
cust_demo,2026-06-26T20:10:36,550.0,debit,9061643959,Ola Adeleke,First Bank of Nigeria,000016,Send to Justinah Offiong,transfer,u436o8072500,,
cust_demo,2026-06-26T15:32:26,197.0,debit,,Folake Adeyemi,First Bank of Nigeria,000016,Top up Airtime,airtime,1336nv4of00,,
cust_demo,2026-06-26T13:23:12,520.0,debit,8793215258,Segun Ojo,Paycom(Opay),100004,Send to POS Transfer WOSILAT MOMOH,transfer,0336np5afd03,,
cust_demo,2026-06-26T09:30:37,300.0,debit,4469296166,Esther Okonkwo,Ecobank Bank,000010,Send to olumide emmanuel AKANDE,transfer,0336nedndc03,,
cust_demo,2026-06-26T08:12:38,500.0,debit,5127116814,Musa Ibrahim,Union Bank,000018,Send to MUHAMMAD DANINNA,transfer,0336naro6600,,
cust_demo,2026-06-25T20:26:27,600.0,debit,5127116814,Musa Ibrahim,Union Bank,000018,Send to MUHAMMAD DANINNA,transfer,0336me2p2603,,
cust_demo,2026-06-25T12:01:22,1000.0,debit,5127116814,Musa Ibrahim,Union Bank,000018,Send to MUHAMMAD DANINNA,transfer,0336lqowb905,,
cust_demo,2026-06-25T11:01:13,100.0,debit,5127116814,Musa Ibrahim,Union Bank,000018,Send to MUHAMMAD DANINNA,transfer,0336lnwnfd02,,
cust_demo,2026-06-25T07:29:00,200.0,debit,5127116814,Musa Ibrahim,Union Bank,000018,Send to MUHAMMAD DANINNA,transfer,0336le2y003,,
cust_demo,2026-06-24T21:05:28,350.0,debit,5127116814,Musa Ibrahim,Union Bank,000018,Send to MUHAMMAD DANINNA,transfer,0336kl7qb905,,
cust_demo,2026-06-24T20:54:32,2500.0,debit,1943406242,Uche Okonkwo,United Bank for Africa,000004,Send to POS Transfer-EMEKA NWUZOR,transfer,0336kkpi2c00,,
cust_demo,2026-06-24T20:50:27,100.0,debit,5127116814,Musa Ibrahim,Union Bank,000018,Send to MUHAMMAD DANINNA,transfer,0336kkip2c01,,
cust_demo,2026-06-24T15:20:20,700.0,debit,4158126376,Ese Aikhomu,Access Bank,000014,Send to PATIENCE OLUWATOYIN IKUSEDUN,transfer,0336k58i4403,,
cust_demo,2026-06-24T07:59:32,500.0,debit,5127116814,Musa Ibrahim,Union Bank,000018,Send to MUHAMMAD DANINNA,transfer,0336jktu6603,,
cust_demo,2026-06-24T07:43:11,300.0,debit,,Damilola Ajayi,Union Bank,000018,Buy Data bundle,data,636jk2l8c00,,
cust_demo,2026-06-23T21:08:01,400.0,debit,5127116814,Musa Ibrahim,Union Bank,000018,Send to MUHAMMAD DANINNA,transfer,0336iqnz4400,,
cust_demo,2026-06-23T18:46:37,70.0,debit,,Damilola Ajayi,Union Bank,000018,Top up Airtime,airtime,1336ik4b8500,,
cust_demo,2026-06-23T15:45:27,2000.0,debit,,Damilola Ajayi,Union Bank,000018,Buy Data bundle,data,636ibqdf4006,,
cust_demo,2026-06-22T11:46:44,59700.0,debit,4654015989,Damilola Ajayi,Zenith Bank Plc,000015,Send to OPEYEMI SAMUEL OLUWAGBEMIGA,transfer,0336g60ib904,,
cust_demo,2026-06-21T12:40:40,1500.0,debit,6233147315,Halima Musa,GTBank Plc,000013,Send to SHOLA DAVID SHORUNGBE,transfer,0336edue8401,,
cust_demo,2026-06-21T07:54:38,300.0,debit,,Ejike Anozie,GTBank Plc,000013,Buy Data bundle,data,636e0loa702,,
cust_demo,2026-06-20T19:54:10,900.0,debit,5422169322,Amarachi Nduka,United Bank for Africa,000004,Send to OLUSEGUN EMMANUEL OLUGBEMIGA,transfer,0336d38wb906,,
cust_demo,2026-06-18T15:56:47,4000.0,debit,1846989297,Chiedozie Nwabueze,Zenith Bank Plc,000015,Send to A. Y. AMAMA VENTURES,transfer,033692x9da02,,
cust_demo,2026-06-18T15:43:46,300.0,debit,,Matthew Okereke,Zenith Bank Plc,000015,Buy Data bundle,data,63692bk4c0i,,
cust_demo,2026-06-17T20:44:17,1300.0,debit,1945840730,Onyinye Madu,Wema Bank,000017,Send to POS Transfer-TOBI JEANNETTE LOKO,transfer,03367lkf6602,,
cust_demo,2026-06-17T17:31:24,1000.0,debit,4120429650,John Okafor,GTBank Plc,000013,Send to WOSILAT BLESSING MOMOH,transfer,03367cmy000,,
cust_demo,2026-06-17T09:35:49,2200.0,debit,1832134284,Grace Adamu,Kuda Microfinance Bank,090267,Send to OLABODE CLEMENT OLOYE,transfer,03366qmb8c02,,
cust_demo,2026-06-16T15:06:25,4000.0,debit,4654015989,Damilola Ajayi,Zenith Bank Plc,000015,Send to OPEYEMI SAMUEL OLUWAGBEMIGA,transfer,03365b9b005,,
cust_demo,2026-06-16T09:27:45,1000.0,debit,0434113780,Tunde Bakare,StanbicIBTC Bank,000012,Send to OLUSOJI  LUCKY IKUDEHINBU,transfer,u3364vkqee00,,
cust_demo,2026-06-15T17:38:18,15000.0,debit,5422169322,Amarachi Nduka,United Bank for Africa,000004,Send to OLUSEGUN EMMANUEL OLUGBEMIGA,transfer,03363nmg2602,,
cust_demo,2026-04-24T00:00:36,1000.0,credit,3686131324,Sola Ogundipe,Ecobank Bank,000010,Interbank transfer,transfer,6033dzzm1b002,,
cust_demo,2026-04-09T21:03:39,7000.0,debit,4654015989,Damilola Ajayi,Zenith Bank Plc,000015,Send to OPEYEMI SAMUEL OLUWAGBEMIGA,transfer,0332nugpcc03,,
cust_demo,2026-04-03T11:07:30,4000.0,debit,4654015989,Damilola Ajayi,Zenith Bank Plc,000015,Send to OPEYEMI SAMUEL OLUWAGBEMIGA,transfer,0332byv43600,,
cust_demo,2026-03-22T08:33:22,500.0,debit,5127116814,Musa Ibrahim,Union Bank,000018,Send to MUHAMMAD DANINNA,transfer,0331pjq81a02,,
cust_demo,2026-03-21T21:02:21,500.0,debit,5127116814,Musa Ibrahim,Union Bank,000018,Send to MUHAMMAD DANINNA,transfer,0331onqj2103,,
cust_demo,2026-03-21T10:01:32,880.0,debit,4654015989,Damilola Ajayi,Zenith Bank Plc,000015,Send to OPEYEMI SAMUEL OLUWAGBEMIGA,transfer,0331nt567504,,
cust_demo,2026-03-21T09:38:27,870.0,debit,4120429650,John Okafor,GTBank Plc,000013,Send to WOSILAT BLESSING MOMOH,transfer,0331ns2p5301,,
cust_demo,2026-03-21T09:06:59,250.0,debit,1943406242,Uche Okonkwo,United Bank for Africa,000004,Send to POS Transfer-EMEKA NWUZOR,transfer,0331nqm9aa01,,
cust_demo,2026-03-14T23:02:14,3164.98,debit,4654015989,Damilola Ajayi,Zenith Bank Plc,000015,Send to OPEYEMI SAMUEL OLUWAGBEMIGA,transfer,0331bumc6600,,
cust_demo,2026-03-05T15:35:07,97.0,debit,,Matthew Okereke,Zenith Bank Plc,000015,Top up Airtime,airtime,1330ulx59f801,,
cust_demo,2026-03-04T17:26:22,100.0,debit,,Matthew Okereke,Zenith Bank Plc,000015,Top up Airtime,airtime,1330swekfa800,,
cust_demo,2026-02-07T10:16:29,1487.0,debit,4654015989,Damilola Ajayi,Zenith Bank Plc,000015,Send to OPEYEMI SAMUEL OLUWAGBEMIGA,transfer,032zi1u3cc201,,
cust_demo,2026-02-05T17:07:12,3000.0,debit,1832134284,Grace Adamu,Kuda Microfinance Bank,090267,Send to OLABODE CLEMENT OLOYE,transfer,032zevimcbb03,,
cust_demo,2026-02-04T16:08:12,520.0,debit,4120429650,John Okafor,GTBank Plc,000013,Send to WOSILAT BLESSING MOMOH,transfer,032zcy4acb203,,
cust_demo,2026-01-30T19:26:19,66.0,credit,7767025037,Hauwa Yakubu,Sterling Bank,000001,CashBox Withdraw,uncategorized,t62z3xyh4208,,
cust_demo,2026-01-30T19:23:51,5840.0,credit,3686131324,Sola Ogundipe,Ecobank Bank,000010,Interbank transfer,transfer,602z3xud1a301,,
cust_demo,2026-01-21T06:12:47,5000.0,debit,4654015989,Damilola Ajayi,Zenith Bank Plc,000015,Send to OPEYEMI SAMUEL OLUWAGBEMIGA,transfer,032ym97xcbb00,,
cust_demo,2026-01-11T15:24:57,3400.0,debit,4654015989,Damilola Ajayi,Zenith Bank Plc,000015,Send to OPEYEMI SAMUEL OLUWAGBEMIGA,transfer,032y4g47ca403,,
cust_demo,2026-01-10T11:38:02,1000.0,debit,4654015989,Damilola Ajayi,Zenith Bank Plc,000015,Send to OPEYEMI SAMUEL OLUWAGBEMIGA,transfer,032y2ay0c9606,,
cust_demo,2026-01-09T15:41:09,3500.0,debit,6106730171,Rukayya Danjuma,Union Bank,000018,Send to SEGUN OLAIYA ADEBAYO,transfer,032y0rj7ca401,,
cust_demo,2026-01-08T11:50:45,2100.0,debit,1113246839,Ibiere Sokari,Fidelity Bank,000007,Send to NKEMAKONAM VIVIAN OKWESA,transfer,032xym77c9d03,,
cust_demo,2026-01-04T13:51:10,9999.0,debit,4654015989,Damilola Ajayi,Zenith Bank Plc,000015,Send to OPEYEMI SAMUEL OLUWAGBEMIGA,transfer,032xrd3wc8c00,,
cust_demo,2026-01-03T05:02:04,900.0,debit,4654015989,Damilola Ajayi,Zenith Bank Plc,000015,Send to OPEYEMI SAMUEL OLUWAGBEMIGA,transfer,032xoty27ea00,,
cust_demo,2026-01-02T12:05:12,3500.0,debit,3635897896,Patience Chukwu,PalmPay Limited,100033,Send to shakirah ROMOKE OLAFISOYE,transfer,032xnivac7b00,,
cust_demo,2025-12-31T13:46:55,4450.0,debit,4654015989,Damilola Ajayi,Zenith Bank Plc,000015,Send to OPEYEMI SAMUEL OLUWAGBEMIGA,transfer,032xjy8tc8700,,
cust_demo,2025-12-31T08:00:36,800.0,debit,4876859557,Nkechi Onyekwere,Kuda Microfinance Bank,090267,"Send to OLUWAGBEMIGA, EZEKIEL IFEOLUWA",transfer,032xji7mc8703,,
cust_demo,2025-12-28T18:30:43,1015.0,debit,3855106717,Blessing Madu,Union Bank,000018,Send to COWRYWISE OPEYEMI SAMUEL OLUWAGBEMIGA,transfer,032xerdsc6503,,
cust_demo,2025-12-28T13:36:53,600.0,debit,,Damilola Ajayi,Union Bank,000018,Buy Data bundle,data,62xeds3309016,,
cust_demo,2025-12-27T12:45:13,1000.0,debit,4654015989,Damilola Ajayi,Zenith Bank Plc,000015,Send to OPEYEMI SAMUEL OLUWAGBEMIGA,transfer,032xcgpzc4d00,,
cust_demo,2025-12-26T11:56:46,5100.0,debit,9360269093,Yusuf Abubakar,Sterling Bank,000001,Send to GBENGA MICHAEL SHOKUNBI,transfer,032xajt8c4801,,
cust_demo,2025-12-25T00:36:51,20000.0,credit,3686131324,Sola Ogundipe,Ecobank Bank,000010,Interbank transfer,transfer,602x7to119003,,
cust_demo,2025-12-24T15:30:16,3000.0,debit,4654015989,Damilola Ajayi,Zenith Bank Plc,000015,Send to OPEYEMI SAMUEL OLUWAGBEMIGA,transfer,032x74d2c6b04,,
cust_demo,2025-12-22T18:39:11,6500.0,debit,0085432619,Osato Aigbe,Ecobank Bank,000010,Send to MAHMOUD ADEBISI KAREEM,transfer,032x3nrxc5f05,,
cust_demo,2025-12-22T12:58:40,1100.0,debit,5916959629,Osayi Uwadia,PalmPay Limited,100033,Send to TOBI JEANNETTE LOKO,transfer,032x380ec5e03,,
cust_demo,2025-12-21T14:53:53,2000.0,debit,4654015989,Damilola Ajayi,Zenith Bank Plc,000015,Send to OPEYEMI SAMUEL OLUWAGBEMIGA,transfer,032x1iofc6004,,
cust_demo,2025-12-21T13:04:22,3000.0,debit,5916959629,Osayi Uwadia,PalmPay Limited,100033,Send to TOBI JEANNETTE LOKO,transfer,032x1dlw7a000,,
cust_demo,2025-12-19T10:53:29,2000.0,debit,7505946283,Chinwe Okpara,Fidelity Bank,000007,Send to FESTUS ADESOJI AFOLAYAN,transfer,032wxi7rc5b04,,
cust_demo,2025-12-18T14:44:23,6500.0,debit,2012105924,Hauwa Yakubu,Wema Bank,000017,Send to WEMA-POS/ UNILAG BOOKSHOP,transfer,032wvy8lc4f01,,
cust_demo,2025-12-16T12:53:01,50000.0,debit,0085432619,Osato Aigbe,Ecobank Bank,000010,Send to MAHMOUD ADEBISI KAREEM,transfer,032ws3qza1200,,
cust_demo,2025-12-14T16:06:48,77861.25,debit,6586587725,Zulaihat Ahmed,First Bank of Nigeria,000016,Send to Remita Checkout,transfer,032wondyc3905,,
cust_demo,2025-12-14T08:26:29,169000.0,credit,3686131324,Sola Ogundipe,Ecobank Bank,000010,Interbank transfer,transfer,602wo22q18608,,
cust_demo,2025-12-09T23:43:00,1000.0,credit,3686131324,Sola Ogundipe,Ecobank Bank,000010,Interbank transfer,transfer,602wfz6a18301,,
cust_demo,2025-08-22T08:10:15,98.0,debit,,Tunde Bakare,Ecobank Bank,000010,Top up Airtime,airtime,132qsxbpe0600,,
cust_demo,2025-08-21T22:30:01,47.0,debit,,Tunde Bakare,Ecobank Bank,000010,Top up Airtime,airtime,132qs6gne0b01,,
cust_demo,2025-08-21T22:27:23,95.0,debit,,Tunde Bakare,Ecobank Bank,000010,Top up Airtime,airtime,132qs6c9e0801,,
cust_demo,2025-08-20T17:33:39,348.0,debit,,Tunde Bakare,Ecobank Bank,000010,Buy Data bundle,data,62qpy2p238006,,
cust_demo,2025-08-17T19:34:52,600.0,credit,3686131324,Sola Ogundipe,Ecobank Bank,000010,Interbank transfer,transfer,602qkjoq15c00,,
cust_demo,2025-08-15T09:37:12,480.0,debit,,Tunde Bakare,Ecobank Bank,000010,Buy Data bundle,data,62qg2om233006,,
cust_demo,2025-08-14T14:38:58,8000.0,debit,7711878453,Chiedozie Nwabueze,Sterling Bank,000001,Send to JOSEPH VIYON GBENUPO,transfer,032qelzkbda00,,
cust_demo,2025-08-14T09:34:09,1100.0,debit,6533667765,Ahmad Sadiq,United Bank for Africa,000004,Send to AYOOLA AFEEZ SULAIMON,transfer,032qe7vjacd00,,
cust_demo,2025-08-09T18:13:14,1000.0,debit,8295022250,Gbenga Alabi,Paycom(Opay),100004,Send to ERIGKS COMMUNICATIONS,transfer,032q5mkobcb01,,
cust_demo,2025-08-08T18:56:17,1500.0,debit,4654015989,Damilola Ajayi,Zenith Bank Plc,000015,Send to OPEYEMI SAMUEL OLUWAGBEMIGA,transfer,032q3twfbd103,,
cust_demo,2025-08-07T16:52:01,97.0,debit,,Matthew Okereke,Zenith Bank Plc,000015,Buy Data bundle,data,62q1thb20e006,,
cust_demo,2025-08-03T16:47:32,7349.72,debit,4654015989,Damilola Ajayi,Zenith Bank Plc,000015,Send to OPEYEMI SAMUEL OLUWAGBEMIGA,transfer,032puelubbb02,,
cust_demo,2025-08-03T16:41:26,350.0,debit,5127116814,Musa Ibrahim,Union Bank,000018,Send to MUHAMMAD DANINNA,transfer,032puebo62202,,
cust_demo,2025-08-03T16:36:11,1100.0,debit,1943406242,Uche Okonkwo,United Bank for Africa,000004,Send to POS Transfer-EMEKA NWUZOR,transfer,032pue2x62202,,
cust_demo,2025-08-03T16:12:06,500.0,debit,0711658164,Ebele Nwachukwu,Zenith Bank Plc,000015,Send to BABATUNDE MUTIU AKINTOYE,transfer,032pucysbba01,,
cust_demo,2025-08-02T10:16:01,700.0,debit,5127116814,Musa Ibrahim,Union Bank,000018,Send to MUHAMMAD DANINNA,transfer,032ps1tbbc103,,
cust_demo,2025-08-02T08:42:17,20000.0,credit,3686131324,Sola Ogundipe,Ecobank Bank,000010,Interbank transfer,transfer,602prxh28709,,
cust_demo,2025-07-25T08:43:36,600.0,debit,5127116814,Musa Ibrahim,Union Bank,000018,Send to MUHAMMAD DANINNA,transfer,032pd47abbe03,,
cust_demo,2025-07-23T20:24:41,100.0,debit,5127116814,Musa Ibrahim,Union Bank,000018,Send to MUHAMMAD DANINNA,transfer,032pabbr8d600,,
cust_demo,2025-07-23T20:21:19,400.0,debit,8999381848,Blessing Madu,StanbicIBTC Bank,000012,Send to POS Transfer-FUNMI OLUWAKOYA USMAN,transfer,032pab65bb603,,
cust_demo,2025-07-23T11:34:30,70.0,debit,,Ivie Aghedo,StanbicIBTC Bank,000012,Top up Airtime,airtime,132p9ms4c6700,,
cust_demo,2025-07-20T14:14:54,10000.0,debit,4654015989,Damilola Ajayi,Zenith Bank Plc,000015,Send to OPEYEMI SAMUEL OLUWAGBEMIGA,transfer,032p4a7g9bc00,,
cust_demo,2025-07-19T19:38:15,320.0,debit,8999381848,Blessing Madu,StanbicIBTC Bank,000012,Send to POS Transfer-FUNMI OLUWAKOYA USMAN,transfer,032p2uidbac03,,
cust_demo,2025-07-19T08:45:17,400.0,debit,4654015989,Damilola Ajayi,Zenith Bank Plc,000015,Send to OPEYEMI SAMUEL OLUWAGBEMIGA,transfer,032p20a3bb703,,
cust_demo,2025-07-18T13:28:34,10000.0,credit,3686131324,Sola Ogundipe,Ecobank Bank,000010,Interbank transfer,transfer,602p0iq87401,,
cust_demo,2025-07-13T09:00:55,8000.0,debit,4654015989,Damilola Ajayi,Zenith Bank Plc,000015,Send to OPEYEMI SAMUEL OLUWAGBEMIGA,transfer,032oqx05ba103,,
cust_demo,2025-07-13T08:57:32,1000.0,debit,5127116814,Musa Ibrahim,Union Bank,000018,Send to MUHAMMAD DANINNA,transfer,032oqwuib8b02,,
cust_demo,2025-07-07T17:52:43,6500.0,debit,4654015989,Damilola Ajayi,Zenith Bank Plc,000015,Send to OPEYEMI SAMUEL OLUWAGBEMIGA,transfer,032oghmhb9e01,,
cust_demo,2025-07-07T17:47:14,3500.0,debit,3468113591,Vincent Danjuma,PalmPay Limited,100033,Send to OLUWASESAN SOLOMON OGUNNUBI,transfer,032oghdcb9400,,
cust_demo,2025-07-02T19:22:28,3000.0,debit,4654015989,Damilola Ajayi,Zenith Bank Plc,000015,Send to OPEYEMI SAMUEL OLUWAGBEMIGA,transfer,032o7cg2b8d05,,
cust_demo,2025-07-01T19:48:36,10000.0,credit,3686131324,Sola Ogundipe,Ecobank Bank,000010,Interbank transfer,transfer,602o5izl13906,,
cust_demo,2025-06-30T21:52:51,7470.0,debit,,Tunde Bakare,Ecobank Bank,000010,Buy Data bundle,data,62o3u2p8b006,,
cust_demo,2025-06-30T11:05:15,2100.0,debit,0661141481,Precious Eze,Union Bank,000018,Send to GANIYU OLUWASEYI DIYA,transfer,032o303db8f00,,
cust_demo,2025-06-29T10:31:00,10000.0,debit,4654015989,Damilola Ajayi,Zenith Bank Plc,000015,Send to OPEYEMI SAMUEL OLUWAGBEMIGA,transfer,032o13ua80001,,
cust_demo,2025-06-27T10:36:16,1000.0,debit,4654015989,Damilola Ajayi,Zenith Bank Plc,000015,Send to OPEYEMI SAMUEL OLUWAGBEMIGA,transfer,032nxer2b7f05,,
cust_demo,2025-06-24T22:46:11,19800.0,credit,3686131324,Sola Ogundipe,Ecobank Bank,000010,Interbank transfer,transfer,602nssjl13a03,,
cust_demo,2025-06-24T21:08:06,3000.0,debit,4654015989,Damilola Ajayi,Zenith Bank Plc,000015,Send to OPEYEMI SAMUEL OLUWAGBEMIGA,transfer,032nso04b7303,,
cust_demo,2025-06-21T19:23:05,10000.0,debit,4654015989,Damilola Ajayi,Zenith Bank Plc,000015,Send to OPEYEMI SAMUEL OLUWAGBEMIGA,transfer,032nmz537b507,,
cust_demo,2025-06-16T09:20:52,10000.0,debit,4654015989,Damilola Ajayi,Zenith Bank Plc,000015,Send to OPEYEMI SAMUEL OLUWAGBEMIGA,transfer,032ncxxeb6f02,,
cust_demo,2025-06-10T13:09:18,7497.0,debit,,Matthew Okereke,Zenith Bank Plc,000015,Buy Data bundle,data,62n24i41b4016,,
cust_demo,2025-06-09T15:12:10,9587.0,debit,4654015989,Damilola Ajayi,Zenith Bank Plc,000015,Send to OPEYEMI SAMUEL OLUWAGBEMIGA,transfer,032n0fiwb6600,,
cust_demo,2025-06-09T12:57:15,500.0,debit,4654015989,Damilola Ajayi,Zenith Bank Plc,000015,Send to OPEYEMI SAMUEL OLUWAGBEMIGA,transfer,032n09a191e02,,
cust_demo,2025-06-08T12:38:00,6000.0,debit,4654015989,Damilola Ajayi,Zenith Bank Plc,000015,Send to OPEYEMI SAMUEL OLUWAGBEMIGA,transfer,032mydpy91e00,,
cust_demo,2025-06-08T12:35:23,92.0,debit,,Matthew Okereke,Zenith Bank Plc,000015,Top up Airtime,airtime,132mydlld6400,,
cust_demo,2025-06-07T16:15:51,470.0,debit,,Matthew Okereke,Zenith Bank Plc,000015,Buy Data bundle,data,62mwt511a5006,,
cust_demo,2025-06-07T15:54:04,900.0,debit,9290494610,Matthew Okereke,Paycom(Opay),100004,Send to POS Transfer CLEMENT EJIH,transfer,032mws4qa9501,,
cust_demo,2025-06-07T07:47:56,1500.0,debit,9776743879,Diepiriye Fubara,Paycom(Opay),100004,Send to POS Transfer FIDELIS NWIBO NWIZIOGO,transfer,032mw5mib6501,,
cust_demo,2025-06-05T09:46:03,3000.0,debit,1061232206,Kayode Ilori,Paycom(Opay),100004,Send to FORTUNE CHIBUEYIM VINCENT,transfer,032mslrdaa001,,
cust_demo,2025-06-04T10:55:50,7000.0,debit,4876859557,Nkechi Onyekwere,Kuda Microfinance Bank,090267,"Send to OLUWAGBEMIGA, EZEKIEL IFEOLUWA",transfer,032mquboa9503,,
cust_demo,2025-06-01T12:15:03,10000.0,debit,4654015989,Damilola Ajayi,Zenith Bank Plc,000015,Send to OPEYEMI SAMUEL OLUWAGBEMIGA,transfer,032mldzpb6503,,
cust_demo,2025-05-29T21:59:33,4492.0,debit,,Matthew Okereke,Zenith Bank Plc,000015,Buy Data bundle,data,62mgl1v1ab006,,
cust_demo,2025-05-29T19:00:12,5000.0,debit,4654015989,Damilola Ajayi,Zenith Bank Plc,000015,Send to OPEYEMI SAMUEL OLUWAGBEMIGA,transfer,032mgcqyb6500,,
cust_demo,2025-05-28T21:03:29,1000.0,debit,5861514768,Beauty Anyanwu,PalmPay Limited,100033,Send to INNOCENT ETA EGBE,transfer,032mensfb5e00,,
cust_demo,2025-05-28T20:10:16,700.0,debit,0869892006,David Eze,Zenith Bank Plc,000015,Send to FOLASHADE BLESSING Odeyinde,transfer,032melbqb5505,,
cust_demo,2025-05-28T20:08:32,1600.0,debit,0869892006,David Eze,Zenith Bank Plc,000015,Send to FOLASHADE BLESSING Odeyinde,transfer,032mel8ub5c00,,
cust_demo,2025-05-28T19:59:44,1000.0,debit,6614203345,Joy Nwosu,Paycom(Opay),100004,Send to OLUWAKEMI ABOSEDE OGUNSEYE,transfer,032meku6b5a02,,
cust_demo,2025-05-28T19:57:46,2500.0,debit,6614203345,Joy Nwosu,Paycom(Opay),100004,Send to OLUWAKEMI ABOSEDE OGUNSEYE,transfer,032mekqwb5c07,,
cust_demo,2025-05-28T10:30:35,2100.0,debit,0661141481,Precious Eze,Union Bank,000018,Send to GANIYU OLUWASEYI DIYA,transfer,u32mduhl30200,,
cust_demo,2025-05-26T07:36:40,2500.0,debit,4654015989,Damilola Ajayi,Zenith Bank Plc,000015,Send to OPEYEMI SAMUEL OLUWAGBEMIGA,transfer,032m9x3qab900,,
cust_demo,2025-05-26T07:23:53,850.0,debit,1943406242,Uche Okonkwo,United Bank for Africa,000004,Send to POS Transfer-EMEKA NWUZOR,transfer,032m9wifb5500,,
cust_demo,2025-05-25T12:31:41,9000.0,debit,8568329378,Aliyu Garba,Ecobank Bank,000010,Send to OPEYEMI OLUWAGBEMIGA,transfer,032m8g3f68a07,,
cust_demo,2025-05-24T22:26:56,2100.0,debit,4980618930,Christiana Musa,Zenith Bank Plc,000015,Send to OLUWAGBEMIGA OPEYEMI SAMUEL,transfer,032m7czia7402,,
cust_demo,2025-05-24T04:38:53,4250.0,credit,5820072827,Onyinye Madu,PalmPay Limited,100033,Refund - Transfer to Jumia,uncategorized,502m5zjf15d00,,
cust_demo,2025-05-24T00:51:21,4388.0,debit,4654015989,Damilola Ajayi,Zenith Bank Plc,000015,Send to OPEYEMI SAMUEL OLUWAGBEMIGA,transfer,032m5p07b3d01,,
cust_demo,2025-05-24T00:50:00,19930.0,credit,3686131324,Sola Ogundipe,Ecobank Bank,000010,Interbank transfer,transfer,602m5oxy12900,,
cust_demo,2025-05-23T20:19:55,1000.0,debit,2875830483,Yusuf Abubakar,GTBank Plc,000013,Send to RASHEEDAT AINA OSENI,transfer,032m5cftb4b00,,
cust_demo,2025-05-23T20:14:55,450.0,debit,8999381848,Blessing Madu,StanbicIBTC Bank,000012,Send to POS Transfer-FUNMI OLUWAKOYA USMAN,transfer,032m5c7hb4907,,
cust_demo,2025-05-22T13:32:32,2500.0,debit,7932272375,Ikenna Anyanwu,Zenith Bank Plc,000015,Send to FUNMILAYO KHADIJAT AWESU,transfer,032m2ywu68a03,,
cust_demo,2025-05-20T08:32:43,470.0,debit,,Matthew Okereke,Zenith Bank Plc,000015,Buy Data bundle,data,62lyvp51a5026,,
cust_demo,2025-05-19T17:53:15,1400.0,debit,7616840836,Ere-ebi Bekederemo,Wema Bank,000017,Send to KELECHUKWU KENNETH NWACHE,transfer,032lxqzdb4d00,,
cust_demo,2025-05-19T16:21:05,1000.0,debit,4120429650,John Okafor,GTBank Plc,000013,Send to WOSILAT BLESSING MOMOH,transfer,032lxmpr44c01,,
cust_demo,2025-05-19T07:39:34,5000.0,debit,5928406556,Wumi Ogunbanjo,Union Bank,000018,Send to YEMI OLAWUNMI OLUGBEMIGA,transfer,032lwykkb4b00,,
cust_demo,2025-05-18T22:32:35,4470.0,debit,,Damilola Ajayi,Union Bank,000018,Buy Data bundle,data,62lw98x114006,,
cust_demo,2025-05-18T15:49:31,2100.0,debit,6533667765,Ahmad Sadiq,United Bank for Africa,000004,Send to AYOOLA AFEEZ SULAIMON,transfer,032lvql584102,,
cust_demo,2025-05-18T14:26:30,1300.0,debit,1832134284,Grace Adamu,Kuda Microfinance Bank,090267,Send to OLABODE CLEMENT OLOYE,transfer,032lvmqsb4c06,,
cust_demo,2025-05-17T09:23:38,3000.0,debit,4654015989,Damilola Ajayi,Zenith Bank Plc,000015,Send to OPEYEMI SAMUEL OLUWAGBEMIGA,transfer,032lte20b4c05,,
cust_demo,2025-05-16T20:35:47,300.0,debit,4654015989,Damilola Ajayi,Zenith Bank Plc,000015,Send to OPEYEMI SAMUEL OLUWAGBEMIGA,transfer,032lsei968a00,,
cust_demo,2025-05-16T16:14:13,2000.0,debit,7311089949,Hadiza Mohammed,Wema Bank,000017,"Send to NNANNA, OKECHUKWU EMMANUEL",transfer,032ls2ebb4800,,
cust_demo,2025-05-15T19:17:51,750.0,debit,8999381848,Blessing Madu,StanbicIBTC Bank,000012,Send to POS Transfer-FUNMI OLUWAKOYA USMAN,transfer,032lqg8d44c07,,
cust_demo,2025-05-14T07:50:13,4000.0,debit,4654015989,Damilola Ajayi,Zenith Bank Plc,000015,Send to OPEYEMI SAMUEL OLUWAGBEMIGA,transfer,032lnpqbb4900,,
cust_demo,2025-05-13T20:06:23,400.0,debit,5916959629,Osayi Uwadia,PalmPay Limited,100033,Send to TOBI JEANNETTE LOKO,transfer,032lmt595b704,,
cust_demo,2025-05-11T14:51:36,1500.0,debit,9825437060,Zulaihat Ahmed,GTBank Plc,000013,Send to POS Transfer OLUWAKEMI OLUWADARE,transfer,032lip8mb4702,,
cust_demo,2025-05-10T21:19:07,4500.0,debit,4654015989,Damilola Ajayi,Zenith Bank Plc,000015,Send to OPEYEMI SAMUEL OLUWAGBEMIGA,transfer,032lhcihb4502,,
cust_demo,2025-05-06T10:46:20,10000.0,debit,4654015989,Damilola Ajayi,Zenith Bank Plc,000015,Send to OPEYEMI SAMUEL OLUWAGBEMIGA,transfer,032l94jub2403,,
cust_demo,2025-05-05T13:32:18,15300.0,debit,4160138353,Faith Uche,GTBank Plc,000013,Send to POS Transfer JULIET ADAKOLE,transfer,032l7hkg8df02,,
cust_demo,2025-05-04T20:25:32,12815.0,debit,7258421338,Christiana Musa,GTBank Plc,000013,Jumia - Order,uncategorized,24242505041925329198,,
cust_demo,2025-05-03T19:33:40,750.0,debit,8999381848,Blessing Madu,StanbicIBTC Bank,000012,Send to POS Transfer-FUNMI OLUWAKOYA USMAN,transfer,032l48yq81501,,
cust_demo,2025-05-03T12:18:51,1509.0,debit,1292802016,Deborah Garba,StanbicIBTC Bank,000012,Send to OLUSEGUN ADESOLA ADEBANJO,transfer,032l3ou181505,,
cust_demo,2025-05-02T08:38:42,5000.0,debit,4654015989,Damilola Ajayi,Zenith Bank Plc,000015,Send to OPEYEMI SAMUEL OLUWAGBEMIGA,transfer,032l1jz470900,,
cust_demo,2025-05-01T18:10:22,4500.0,debit,,Matthew Okereke,Zenith Bank Plc,000015,Buy Data bundle,data,62l0frw16e006,,
cust_demo,2025-04-28T08:57:37,10000.0,debit,4654015989,Damilola Ajayi,Zenith Bank Plc,000015,Send to OPEYEMI SAMUEL OLUWAGBEMIGA,transfer,032ku66nb2503,,
cust_demo,2025-04-26T21:09:45,1350.0,debit,4654015989,Damilola Ajayi,Zenith Bank Plc,000015,Send to OPEYEMI SAMUEL OLUWAGBEMIGA,transfer,032kreqv81f00,,
cust_demo,2025-04-25T13:59:50,5000.0,debit,4654015989,Damilola Ajayi,Zenith Bank Plc,000015,Send to OPEYEMI SAMUEL OLUWAGBEMIGA,transfer,032kp06cb0402,,
cust_demo,2025-04-20T21:18:12,9000.0,debit,4654015989,Damilola Ajayi,Zenith Bank Plc,000015,Send to OPEYEMI SAMUEL OLUWAGBEMIGA,transfer,032kgb4yb1b01,,
cust_demo,2025-04-19T10:37:38,4900.0,debit,4654015989,Damilola Ajayi,Zenith Bank Plc,000015,Send to OPEYEMI SAMUEL OLUWAGBEMIGA,transfer,032kdmtcb1505,,
cust_demo,2025-04-17T21:24:17,450.0,debit,,Matthew Okereke,Zenith Bank Plc,000015,Buy Data bundle,data,62karf3165006,,
cust_demo,2025-04-17T13:50:43,4470.0,debit,,Matthew Okereke,Zenith Bank Plc,000015,Top up Airtime,airtime,132ka6f5b5f00,,
cust_demo,2025-04-17T12:13:52,800.0,debit,4120429650,John Okafor,GTBank Plc,000013,Send to WOSILAT BLESSING MOMOH,transfer,032ka1xqb1f02,,
cust_demo,2025-04-15T19:28:36,1000.0,debit,5379627914,Ahmad Sadiq,United Bank for Africa,000004,Send to MURITALA BIDEMI Adeyemi,transfer,032k6wqaad608,,
cust_demo,2025-04-15T13:40:54,5200.0,debit,9384954219,Christiana Musa,First Bank of Nigeria,000016,Send to MARIAM OPEYEMI ADEBAMIJOKO,transfer,032k6gmsb1701,,
cust_demo,2025-04-12T08:03:38,5000.0,debit,4654015989,Damilola Ajayi,Zenith Bank Plc,000015,Send to OPEYEMI SAMUEL OLUWAGBEMIGA,transfer,032k0h0oac200,,
cust_demo,2025-04-12T08:02:29,19900.0,credit,3686131324,Sola Ogundipe,Ecobank Bank,000010,Interbank transfer,transfer,602k0gyr11f06,,
cust_demo,2025-04-05T13:45:36,10000.0,credit,3686131324,Sola Ogundipe,Ecobank Bank,000010,Interbank transfer,transfer,602jny6m11006,,
cust_demo,2025-04-05T13:43:06,9000.0,debit,8019388086,Esther Okonkwo,United Bank for Africa,000004,Send to ABAYOMI MATTHEW OLUSANYA,transfer,032jny2ga7404,,
cust_demo,2025-04-01T17:11:23,4100.0,debit,1831773708,Kayode Ilori,Wema Bank,000017,Send to JUMOKE  AROGUNJO,transfer,032jgt1lb1101,,
cust_demo,2025-04-01T08:53:51,2970.0,debit,,Enivwenae Okoduwa,Wema Bank,000017,Buy Data bundle,data,62jg60d14f016,,
cust_demo,2025-03-28T08:35:18,4000.0,debit,4654015989,Damilola Ajayi,Zenith Bank Plc,000015,Send to OPEYEMI SAMUEL OLUWAGBEMIGA,transfer,032j8qhg9c500,,
cust_demo,2025-03-27T23:10:17,181400.0,credit,3686131324,Sola Ogundipe,Ecobank Bank,000010,Interbank transfer,transfer,602j80br11201,,
cust_demo,2025-03-27T13:16:04,1000.0,debit,4654015989,Damilola Ajayi,Zenith Bank Plc,000015,Send to OPEYEMI SAMUEL OLUWAGBEMIGA,transfer,032j78teaba03,,
cust_demo,2025-03-23T19:37:35,4970.0,debit,,Matthew Okereke,Zenith Bank Plc,000015,Buy Data bundle,data,62j0bt9151016,,
cust_demo,2025-03-20T18:05:15,1000.0,debit,5928406556,Wumi Ogunbanjo,Union Bank,000018,Send to YEMI OLAWUNMI OLUGBEMIGA,transfer,032iunjdae402,,
cust_demo,2025-03-18T15:58:11,25000.0,debit,0085432619,Osato Aigbe,Ecobank Bank,000010,Send to MAHMOUD ADEBISI KAREEM,transfer,032iqsbla1602,,
cust_demo,2025-03-13T21:42:51,4997.0,debit,,Tunde Bakare,Ecobank Bank,000010,Buy Data bundle,data,62ihyy1131016,,
cust_demo,2025-03-13T20:22:21,70.0,debit,,Tunde Bakare,Ecobank Bank,000010,Top up Airtime,airtime,132ihv7vc5f01,,
cust_demo,2025-03-12T15:27:05,300.0,debit,4292738700,Jamila Aliyu,GTBank Plc,000013,Send to OLADELE JANET ALABA,transfer,032ifmvraf600,,
cust_demo,2025-03-09T20:46:23,1200.0,debit,4654015989,Damilola Ajayi,Zenith Bank Plc,000015,Send to OPEYEMI SAMUEL OLUWAGBEMIGA,transfer,032iahnxaf804,,
cust_demo,2025-03-09T18:56:22,1400.0,debit,2933619334,Yinka Balogun,Access Bank,000014,Send to KAMOL OYEWOLE BOLAJOKO,transfer,032iackkaf702,,
cust_demo,2025-03-07T13:20:37,450.0,debit,,Folake Adeyemi,Access Bank,000014,Buy Data bundle,data,62i67oz116006,,
cust_demo,2025-02-28T14:32:12,17000.0,debit,4654015989,Damilola Ajayi,Zenith Bank Plc,000015,Send to OPEYEMI SAMUEL OLUWAGBEMIGA,transfer,032htccaa0505,,
cust_demo,2025-02-27T21:47:42,2992.0,debit,,Matthew Okereke,Zenith Bank Plc,000015,Buy Data bundle,data,62hs1u4c3a006,,
cust_demo,2025-02-26T14:48:48,19800.0,credit,3686131324,Sola Ogundipe,Ecobank Bank,000010,Interbank transfer,transfer,602hpnryf203,,
cust_demo,2025-02-26T14:36:50,50000.0,credit,3686131324,Sola Ogundipe,Ecobank Bank,000010,Interbank transfer,transfer,602hpn80f403,,
cust_demo,2025-02-26T12:28:11,1000.0,debit,4924565540,Richard Aliyu,United Bank for Africa,000004,Send to PRECIOUS PROMISE SAMUEL,transfer,032hph9lae004,,
cust_demo,2025-02-22T13:14:40,15000.0,debit,4197967274,Ovie Erhabor,Paycom(Opay),100004,Send to EMMANUEL AJINDE EGBOWON,transfer,032hi4r2a0505,,
cust_demo,2025-02-21T20:18:42,492.0,debit,,Hadiza Mohammed,Paycom(Opay),100004,Buy Data bundle,data,62hgtpsab9036,,
cust_demo,2025-02-21T08:38:53,4989.0,credit,5820072827,Onyinye Madu,PalmPay Limited,100033,Refund - Transfer to Jumia,uncategorized,502hfxbf15200,,
cust_demo,2025-02-19T12:21:49,497.0,debit,,Rabiu Auwal,PalmPay Limited,100033,Buy Data bundle,data,62hciaz9d1016,,
cust_demo,2025-02-17T20:15:25,95.0,debit,,Rabiu Auwal,PalmPay Limited,100033,Top up Airtime,airtime,132h9ewb98703,,
cust_demo,2025-02-15T18:15:15,345.0,debit,,Rabiu Auwal,PalmPay Limited,100033,Buy Data bundle,data,62h5k01c12036,,
cust_demo,2025-02-12T22:26:01,347.0,debit,,Rabiu Auwal,PalmPay Limited,100033,Buy Data bundle,data,62h0blzc0e036,,
cust_demo,2025-02-12T08:31:25,270.0,debit,8839120976,Doubra Kalio,Zenith Bank Plc,000015,Send to OPEN VTU-Ope,transfer,032gz8yzad20a,,
cust_demo,2025-02-08T19:05:49,2300.0,debit,9290494610,Matthew Okereke,Paycom(Opay),100004,Send to POS Transfer CLEMENT EJIH,transfer,032gsnob99601,,
cust_demo,2025-02-07T21:23:44,270.0,debit,8839120976,Doubra Kalio,Zenith Bank Plc,000015,Send to OPEN VTU-Ope,transfer,032gqze6ac904,,
cust_demo,2025-02-06T17:12:34,98.0,debit,,Matthew Okereke,Zenith Bank Plc,000015,Top up Airtime,airtime,132got3k87601,,
cust_demo,2025-02-06T15:15:36,270.0,debit,8839120976,Doubra Kalio,Zenith Bank Plc,000015,Send to OPEN VTU-Ope,transfer,032gonom86901,,
cust_demo,2025-02-05T22:27:27,270.0,debit,8839120976,Doubra Kalio,Zenith Bank Plc,000015,Send to OPEN VTU-Ope,transfer,032gnd0dad001,,
cust_demo,2025-02-05T16:04:40,250.0,debit,4654015989,Damilola Ajayi,Zenith Bank Plc,000015,Send to OPEYEMI SAMUEL OLUWAGBEMIGA,transfer,032gmvaead005,,
cust_demo,2025-02-05T12:49:57,270.0,debit,8839120976,Doubra Kalio,Zenith Bank Plc,000015,Send to OPEN VTU-Ope,transfer,032gmm9vace00,,
cust_demo,2025-02-05T12:42:01,20000.0,credit,3686131324,Sola Ogundipe,Ecobank Bank,000010,Interbank transfer,transfer,602gmlwnf305,,
cust_demo,2025-02-05T12:36:36,8989.0,debit,7258421338,Christiana Musa,GTBank Plc,000013,Jumia - Order,uncategorized,24242502051136369172,,
cust_demo,2025-02-05T12:30:43,4989.0,debit,7258421338,Christiana Musa,GTBank Plc,000013,Jumia - Order,uncategorized,24242502051130439205,,
cust_demo,2025-02-05T02:09:25,270.0,debit,8839120976,Doubra Kalio,Zenith Bank Plc,000015,Send to OPEN VTU-Ope,transfer,032glsmb6f000,,
cust_demo,2025-02-05T00:12:59,270.0,debit,8839120976,Doubra Kalio,Zenith Bank Plc,000015,Send to OPEN VTU-Ope,transfer,032gln89acd00,,
cust_demo,2025-02-04T22:37:27,300.0,debit,8839120976,Doubra Kalio,Zenith Bank Plc,000015,Send to OPEN VTU-Ope,transfer,032glit1ad001,,
cust_demo,2025-02-04T14:25:56,260.0,debit,8839120976,Doubra Kalio,Zenith Bank Plc,000015,Send to OPEN VTU-Ope,transfer,032gkw1u90509,,
cust_demo,2025-02-04T09:44:52,2000.0,debit,5928406556,Wumi Ogunbanjo,Union Bank,000018,Send to YEMI OLAWUNMI OLUGBEMIGA,transfer,032gkj1e99601,,
cust_demo,2025-02-03T14:07:16,270.0,debit,8839120976,Doubra Kalio,Zenith Bank Plc,000015,Send to OPEN VTU-Ope,transfer,032gj0iqacc02,,
cust_demo,2025-02-02T18:37:22,1000.0,debit,9290494610,Matthew Okereke,Paycom(Opay),100004,Send to POS Transfer CLEMENT EJIH,transfer,032ghicw4bc06,,
cust_demo,2025-02-02T18:17:14,1000.0,debit,9290494610,Matthew Okereke,Paycom(Opay),100004,Send to POS Transfer CLEMENT EJIH,transfer,032ghhfcac902,,
cust_demo,2025-02-02T17:59:19,270.0,debit,8839120976,Doubra Kalio,Zenith Bank Plc,000015,Send to OPEN VTU-Ope,transfer,032ghglh99600,,
cust_demo,2025-02-02T00:20:22,270.0,debit,8839120976,Doubra Kalio,Zenith Bank Plc,000015,Send to OPEN VTU-Ope,transfer,032gg3kk86900,,
cust_demo,2025-01-31T17:30:53,5989.0,credit,5820072827,Onyinye Madu,PalmPay Limited,100033,Refund - Transfer to Jumia,uncategorized,502gdpy314d00,,
cust_demo,2025-01-30T18:12:21,100.0,debit,,Rabiu Auwal,PalmPay Limited,100033,Buy Data bundle,data,62gbx77bfa006,,
cust_demo,2025-01-30T18:05:50,270.0,debit,8839120976,Doubra Kalio,Zenith Bank Plc,000015,Send to OPEN VTU-Ope,transfer,032gbwwca0a03,,
cust_demo,2025-01-29T16:47:13,270.0,debit,8839120976,Doubra Kalio,Zenith Bank Plc,000015,Send to OPEN VTU-Ope,transfer,032g9ylbad107,,
cust_demo,2025-01-28T01:36:53,100.0,debit,,Matthew Okereke,Zenith Bank Plc,000015,Buy Data bundle,data,62g6xs3c00006,,
cust_demo,2025-01-27T22:12:35,270.0,debit,4654015989,Damilola Ajayi,Zenith Bank Plc,000015,Send to OPEYEMI SAMUEL OLUWAGBEMIGA,transfer,032g6obl52301,,
cust_demo,2025-01-27T21:16:54,270.0,debit,8839120976,Doubra Kalio,Zenith Bank Plc,000015,Send to OPEN VTU-Ope,transfer,032g6lqsad101,,
cust_demo,2025-01-27T12:49:19,270.0,debit,8839120976,Doubra Kalio,Zenith Bank Plc,000015,Send to OPEN VTU-Ope,transfer,032g5y8tace04,,
cust_demo,2025-01-27T10:39:25,4000.0,debit,7949271242,Chukwuka Oti,Wema Bank,000017,Send to UGOCHINYERE VICTOR UDEOYIBO,transfer,032g5s8baca05,,
cust_demo,2025-01-26T18:17:48,700.0,debit,4222224360,Khadija Abdullahi,Union Bank,000018,Send to IKENNA UCHENNA ODORIMO,transfer,032g4isaacf05,,
cust_demo,2025-01-26T18:06:20,2900.0,debit,9290494610,Matthew Okereke,Paycom(Opay),100004,Send to POS Transfer CLEMENT EJIH,transfer,032g4i96ad003,,
cust_demo,2025-01-26T01:07:22,5989.0,debit,7258421338,Christiana Musa,GTBank Plc,000013,Jumia - Order,uncategorized,24242501260007228106,,
cust_demo,2025-01-25T10:19:02,269.0,debit,8839120976,Doubra Kalio,Zenith Bank Plc,000015,Send to OPEN VTU-Ope,transfer,032g21yc86900,,
cust_demo,2025-01-24T18:51:33,500.0,debit,4222224360,Khadija Abdullahi,Union Bank,000018,Send to IKENNA UCHENNA ODORIMO,transfer,032g0v0jac900,,
cust_demo,2025-01-24T13:49:01,4000.0,debit,0960840715,Amina Suleiman,Fidelity Bank,000007,Send to CHINAZA SOMTOCHUKWU ARINZE,transfer,032g0h0baca03,,
cust_demo,2025-01-24T13:24:59,300.0,debit,9311377918,Wumi Ogunbanjo,Fidelity Bank,000007,Send to FUNMILAYO KUDIRAT MADASI,transfer,032g0fw9acd03,,
cust_demo,2025-01-24T13:20:37,400.0,debit,8026640810,Obioma Ejiofor,GTBank Plc,000013,Send to IBUKUNOLU RUTH KUJORE,transfer,032g0fozace03,,
cust_demo,2025-01-22T14:49:18,200.0,debit,,Ejike Anozie,GTBank Plc,000013,Buy Data bundle,data,62fwugsbfb036,,
cust_demo,2025-01-20T17:53:49,1400.0,debit,4222224360,Khadija Abdullahi,Union Bank,000018,Send to IKENNA UCHENNA ODORIMO,transfer,032ftdob9f204,,
cust_demo,2025-01-20T15:14:42,400.0,debit,,Damilola Ajayi,Union Bank,000018,Buy Data bundle,data,62ft6b4bfe006,,
cust_demo,2025-01-20T15:06:35,230.0,debit,2551629071,Osayi Uwadia,First Bank of Nigeria,000016,Send to MFY / OPEN VTU SAMUEL OPEYEMI OLUWAGBEMIGA,transfer,032ft5xlac201,,
cust_demo,2025-01-19T22:55:06,270.0,debit,2551629071,Osayi Uwadia,First Bank of Nigeria,000016,Send to MFY / OPEN VTU SAMUEL OPEYEMI OLUWAGBEMIGA,transfer,032frwygac401,,
cust_demo,2025-01-14T20:22:56,11900.0,credit,3686131324,Sola Ogundipe,Ecobank Bank,000010,Interbank transfer,transfer,602figkudf02,,
cust_demo,2025-01-14T08:25:24,10500.0,credit,3686131324,Sola Ogundipe,Ecobank Bank,000010,Interbank transfer,transfer,602fhjcye006,,
cust_demo,2025-01-14T07:26:28,200.0,debit,,Tunde Bakare,Ecobank Bank,000010,Buy Data bundle,data,62fhgmqb2f006,,
cust_demo,2025-01-14T07:20:11,270.0,debit,2551629071,Osayi Uwadia,First Bank of Nigeria,000016,Send to MFY / OPEN VTU SAMUEL OPEYEMI OLUWAGBEMIGA,transfer,032fhgc958202,,
cust_demo,2025-01-13T11:56:27,400.0,debit,,Folake Adeyemi,First Bank of Nigeria,000016,Buy Data bundle,data,62ffygpbf8016,,
cust_demo,2025-01-13T11:23:36,10500.0,debit,4654015989,Damilola Ajayi,Zenith Bank Plc,000015,Send to OPEYEMI SAMUEL OLUWAGBEMIGA,transfer,032ffwxyab902,,
cust_demo,2025-01-10T14:36:26,13900.0,debit,4654015989,Damilola Ajayi,Zenith Bank Plc,000015,Send to OPEYEMI SAMUEL OLUWAGBEMIGA,transfer,032falvcab300,,
cust_demo,2025-01-09T09:56:17,19900.0,credit,3686131324,Sola Ogundipe,Ecobank Bank,000010,Interbank transfer,transfer,602f8e8fe208,,
cust_demo,2025-01-09T01:23:19,5980.0,debit,7258421338,Christiana Musa,GTBank Plc,000013,Jumia - Order,uncategorized,24242501090023192243,,
cust_demo,2025-01-01T14:50:16,1200.0,debit,9827697648,Rukayya Danjuma,PalmPay Limited,100033,Send to CHIHURUMNANYA BELOVED EZEKIEL,transfer,032etyieaa902,,
cust_demo,2024-12-30T17:22:02,40000.0,debit,4654015989,Damilola Ajayi,Zenith Bank Plc,000015,Send to OPEYEMI SAMUEL OLUWAGBEMIGA,transfer,032eqg7c9c006,,
cust_demo,2024-12-27T10:10:53,2400.0,debit,4654015989,Damilola Ajayi,Zenith Bank Plc,000015,Send to OPEYEMI SAMUEL OLUWAGBEMIGA,transfer,032ekc8raa801,,
cust_demo,2024-12-26T17:41:05,1400.0,debit,9845376297,Osaretin Igbinovia,Zenith Bank Plc,000015,Send to Khubz Bakery&Grills,transfer,032ej2f3a9803,,
cust_demo,2024-12-25T19:46:18,1600.0,debit,9863666330,John Okafor,First Bank of Nigeria,000016,Send to MUJIDAT TITILOPE BOLAJOKO,transfer,032ehdjsaa300,,
cust_demo,2024-12-25T14:56:53,1000.0,debit,2551629071,Osayi Uwadia,First Bank of Nigeria,000016,Send to MFY / OPEN VTU SAMUEL OPEYEMI OLUWAGBEMIGA,transfer,032eh05fa0e00,,
cust_demo,2024-12-24T21:37:33,2000.0,debit,9168470422,Andrew Okpara,Access Bank,000014,Send to AKEEM OLUYINKA JAMIU,transfer,032efo17aa402,,
cust_demo,2024-12-24T17:47:44,700.0,debit,6233147315,Halima Musa,GTBank Plc,000013,Send to SHOLA DAVID SHORUNGBE,transfer,032efde6aa406,,
cust_demo,2024-12-24T15:30:13,2000.0,debit,5928406556,Wumi Ogunbanjo,Union Bank,000018,Send to YEMI OLAWUNMI OLUGBEMIGA,transfer,032ef70za9806,,
cust_demo,2024-12-23T17:56:04,270.0,debit,2551629071,Osayi Uwadia,First Bank of Nigeria,000016,Send to MFY / OPEN VTU SAMUEL OPEYEMI OLUWAGBEMIGA,transfer,032edj42a9806,,
cust_demo,2024-12-23T17:13:30,50000.0,credit,3686131324,Sola Ogundipe,Ecobank Bank,000010,Interbank transfer,transfer,602edh54aa306,,
cust_demo,2024-12-23T11:23:19,3000.0,debit,2863427707,Umar Faruk,Access Bank,000014,Send to AHMAD AHMAD IBRAHIM,transfer,032ed0xha0e03,,
cust_demo,2024-12-22T03:49:02,80.0,debit,,Folake Adeyemi,Access Bank,000014,Buy Data bundle,data,62eal8c5ee006,,
cust_demo,2024-12-20T09:40:54,1997.0,debit,8018496186,Favour Ogbonna,Union Bank,000018,Electricity,uncategorized,12e7c6sbe1001,,
cust_demo,2024-12-20T05:04:39,2000.0,credit,3686131324,Sola Ogundipe,Ecobank Bank,000010,Interbank transfer,transfer,602e6zedaa300,,
cust_demo,2024-12-19T18:52:14,97.0,debit,,Tunde Bakare,Ecobank Bank,000010,Top up Airtime,airtime,132e671o9f600,,
cust_demo,2024-12-16T19:55:08,5000.0,debit,1831773708,Kayode Ilori,Wema Bank,000017,Send to JUMOKE  AROGUNJO,transfer,032e0pyia6901,,
cust_demo,2024-12-15T20:22:03,1603.0,debit,4654015989,Damilola Ajayi,Zenith Bank Plc,000015,Send to OPEYEMI SAMUEL OLUWAGBEMIGA,transfer,032dywjda8405,,
cust_demo,2024-12-15T18:05:56,2000.0,debit,9290494610,Matthew Okereke,Paycom(Opay),100004,Send to POS Transfer CLEMENT EJIH,transfer,032dyq8ia8207,,
cust_demo,2024-12-15T17:44:32,1000.0,debit,4222224360,Khadija Abdullahi,Union Bank,000018,Send to IKENNA UCHENNA ODORIMO,transfer,032dyp8u69406,,
cust_demo,2024-12-15T12:28:02,97.0,debit,,Damilola Ajayi,Union Bank,000018,Top up Airtime,airtime,132dyalcb9e00,,
cust_demo,2024-12-15T12:27:22,100.0,debit,,Damilola Ajayi,Union Bank,000018,Top up Airtime,airtime,132dyak896d01,,
cust_demo,2024-12-15T12:25:13,5150.0,debit,4654015989,Damilola Ajayi,Zenith Bank Plc,000015,Send to OPEYEMI SAMUEL OLUWAGBEMIGA,transfer,032dyagn9e704,,
cust_demo,2024-12-15T12:04:57,12000.0,credit,3686131324,Sola Ogundipe,Ecobank Bank,000010,Interbank transfer,transfer,602dy9iva6606,,
cust_demo,2024-12-11T19:46:14,145.0,debit,,Tunde Bakare,Ecobank Bank,000010,Buy Data bundle,data,62drg7ob91006,,
cust_demo,2024-12-10T14:20:01,259.15,debit,4654015989,Damilola Ajayi,Zenith Bank Plc,000015,Send to OPEYEMI SAMUEL OLUWAGBEMIGA,transfer,032dp6fz9320a,,
cust_demo,2024-12-10T13:48:51,1000.0,debit,9311377918,Wumi Ogunbanjo,Fidelity Bank,000007,Send to FUNMILAYO KUDIRAT MADASI,transfer,032dp50141902,,
cust_demo,2024-12-09T19:01:53,2750.0,debit,9290494610,Matthew Okereke,Paycom(Opay),100004,Send to POS Transfer CLEMENT EJIH,transfer,032dnotra7304,,
cust_demo,2024-12-09T08:48:07,347.0,debit,,Hadiza Mohammed,Paycom(Opay),100004,Buy Data bundle,data,62dmwetb76016,,
cust_demo,2024-12-09T08:47:34,1700.0,debit,4654015989,Damilola Ajayi,Zenith Bank Plc,000015,Send to OPEYEMI SAMUEL OLUWAGBEMIGA,transfer,032dmwdw9cb04,,
cust_demo,2024-12-08T20:10:06,270.0,debit,2551629071,Osayi Uwadia,First Bank of Nigeria,000016,Send to MFY / OPEN VTU SAMUEL OPEYEMI OLUWAGBEMIGA,transfer,032dlxbga7504,,
cust_demo,2024-12-08T20:06:55,320.0,debit,4654015989,Damilola Ajayi,Zenith Bank Plc,000015,Send to OPEYEMI SAMUEL OLUWAGBEMIGA,transfer,032dlx65a7206,,
cust_demo,2024-12-07T19:53:15,400.0,debit,5928406556,Wumi Ogunbanjo,Union Bank,000018,Send to YEMI OLAWUNMI OLUGBEMIGA,transfer,032dk1vd93205,,
cust_demo,2024-12-07T18:24:18,270.0,debit,2551629071,Osayi Uwadia,First Bank of Nigeria,000016,Send to MFY / OPEN VTU SAMUEL OPEYEMI OLUWAGBEMIGA,transfer,032djxr460f00,,
cust_demo,2024-12-07T11:49:52,270.0,debit,2551629071,Osayi Uwadia,First Bank of Nigeria,000016,Send to MFY / OPEN VTU SAMUEL OPEYEMI OLUWAGBEMIGA,transfer,032djfhqa7002,,
cust_demo,2024-12-06T19:11:30,97.0,debit,,Folake Adeyemi,First Bank of Nigeria,000016,Top up Airtime,airtime,132di59s87800,,
cust_demo,2024-12-06T16:08:16,270.0,debit,2551629071,Osayi Uwadia,First Bank of Nigeria,000016,Send to MFY / OPEN VTU SAMUEL OPEYEMI OLUWAGBEMIGA,transfer,032dhwsea7204,,
cust_demo,2024-12-05T17:42:39,3000.0,debit,5928406556,Wumi Ogunbanjo,Union Bank,000018,Send to YEMI OLAWUNMI OLUGBEMIGA,transfer,032dg6hp93202,,
cust_demo,2024-12-05T14:18:56,270.0,debit,2551629071,Osayi Uwadia,First Bank of Nigeria,000016,Send to MFY / OPEN VTU SAMUEL OPEYEMI OLUWAGBEMIGA,transfer,032dfx2660f00,,
cust_demo,2024-12-03T15:24:27,6300.0,debit,0299771455,Ngozi Eze,Ecobank Bank,000010,Send to ADEDIWURA OLUWASEUN LAWAL,transfer,032dcarda5207,,
cust_demo,2024-12-03T13:56:15,3000.0,debit,4654015989,Damilola Ajayi,Zenith Bank Plc,000015,Send to OPEYEMI SAMUEL OLUWAGBEMIGA,transfer,032dc6od4e800,,
cust_demo,2024-11-30T22:18:36,270.0,debit,2551629071,Osayi Uwadia,First Bank of Nigeria,000016,Send to MFY / OPEN VTU SAMUEL OPEYEMI OLUWAGBEMIGA,transfer,032d79xm51801,,
cust_demo,2024-11-30T14:39:32,6500.0,debit,0299771455,Ngozi Eze,Ecobank Bank,000010,Send to ADEDIWURA OLUWASEUN LAWAL,transfer,032d6ooia5602,,
cust_demo,2024-11-27T14:14:46,3676.0,debit,4654015989,Damilola Ajayi,Zenith Bank Plc,000015,Send to OPEYEMI SAMUEL OLUWAGBEMIGA,transfer,032d13j87f902,,
cust_demo,2024-11-26T21:15:18,265.0,debit,2551629071,Osayi Uwadia,First Bank of Nigeria,000016,Send to MFY / OPEN VTU SAMUEL OPEYEMI OLUWAGBEMIGA,transfer,032czsc4a2105,,
cust_demo,2024-11-26T19:57:38,94.0,debit,,Folake Adeyemi,First Bank of Nigeria,000016,Top up Airtime,airtime,132czoqo7c401,,
cust_demo,2024-11-24T16:19:23,270.0,debit,2551629071,Osayi Uwadia,First Bank of Nigeria,000016,Send to MFY / OPEN VTU SAMUEL OPEYEMI OLUWAGBEMIGA,transfer,032cvpaxa0f01,,
cust_demo,2024-11-23T13:33:05,265.0,debit,2551629071,Osayi Uwadia,First Bank of Nigeria,000016,Send to MFY / OPEN VTU SAMUEL OPEYEMI OLUWAGBEMIGA,transfer,032ctmxr43208,,
cust_demo,2024-11-23T09:57:37,400.0,debit,0942046657,Ifeoma Nnamdi,First Bank of Nigeria,000016,Send to ELIZABETH KEMI OGUNYALE,transfer,032ctcyn43200,,
cust_demo,2024-11-23T07:48:19,500.0,debit,5928406556,Wumi Ogunbanjo,Union Bank,000018,Send to YEMI OLAWUNMI OLUGBEMIGA,transfer,032ct6z5a1805,,
cust_demo,2024-11-22T18:55:41,180.0,debit,,Damilola Ajayi,Union Bank,000018,Top up Airtime,airtime,132cs77fb2d00,,
cust_demo,2024-11-21T20:46:01,560.0,debit,2551629071,Osayi Uwadia,First Bank of Nigeria,000016,Send to MFY / OPEN VTU SAMUEL OPEYEMI OLUWAGBEMIGA,transfer,032cqhnba1402,,
cust_demo,2024-11-21T10:13:41,1998.0,debit,8018496186,Favour Ogbonna,Union Bank,000018,Electricity,uncategorized,12cpodfb2f001,,
cust_demo,2024-11-20T00:07:45,50.0,debit,,Damilola Ajayi,Union Bank,000018,Buy Data bundle,data,62cn1njb30026,,
cust_demo,2024-11-17T01:19:51,50.0,debit,,Damilola Ajayi,Union Bank,000018,Buy Data bundle,data,62chkzpab6016,,
cust_demo,2024-11-16T22:57:27,200.0,debit,,Damilola Ajayi,Union Bank,000018,Buy Data bundle,data,62cheedb24026,,
cust_demo,2024-11-16T13:57:30,280.0,debit,,Damilola Ajayi,Union Bank,000018,Buy Data bundle,data,62cgpegac6006,,
cust_demo,2024-11-16T13:45:19,500.0,credit,3686131324,Sola Ogundipe,Ecobank Bank,000010,Interbank transfer,transfer,602cgou5a0707,,
cust_demo,2024-11-15T17:37:37,2500.0,debit,9290494610,Matthew Okereke,Paycom(Opay),100004,Send to POS Transfer CLEMENT EJIH,transfer,032cf4xba0a04,,
cust_demo,2024-11-13T18:35:23,2000.0,debit,9290494610,Matthew Okereke,Paycom(Opay),100004,Send to POS Transfer CLEMENT EJIH,transfer,032cbi9la0101,,
cust_demo,2024-11-12T17:59:59,3000.0,debit,5928406556,Wumi Ogunbanjo,Union Bank,000018,Send to YEMI OLAWUNMI OLUGBEMIGA,transfer,032c9lyl9eb00,,
cust_demo,2024-11-11T20:44:41,270.0,debit,4654015989,Damilola Ajayi,Zenith Bank Plc,000015,Send to OPEYEMI SAMUEL OLUWAGBEMIGA,transfer,032c7yx39eb00,,
cust_demo,2024-11-11T20:10:36,1300.0,debit,8018496186,Favour Ogbonna,Union Bank,000018,Electricity,uncategorized,12c7xcab18021,,
cust_demo,2024-11-02T13:15:22,549.0,debit,,Damilola Ajayi,Union Bank,000018,Buy Data bundle,data,62bqq48b04006,,
cust_demo,2024-11-02T03:00:55,47.0,debit,,Damilola Ajayi,Union Bank,000018,Buy Data bundle,data,62bpxo5a3d006,,
cust_demo,2024-11-01T21:30:25,100.0,credit,3686131324,Sola Ogundipe,Ecobank Bank,000010,Interbank transfer,transfer,602bpidb80008,,
cust_demo,2024-10-30T15:45:40,300.0,debit,4654015989,Damilola Ajayi,Zenith Bank Plc,000015,Send to OPEYEMI SAMUEL OLUWAGBEMIGA,transfer,032bld2q9da06,,
cust_demo,2024-10-30T13:02:16,200.0,debit,4654015989,Damilola Ajayi,Zenith Bank Plc,000015,Send to OPEYEMI SAMUEL OLUWAGBEMIGA,transfer,032bl5ie91803,,
cust_demo,2024-10-29T14:50:08,500.0,debit,4654015989,Damilola Ajayi,Zenith Bank Plc,000015,Send to OPEYEMI SAMUEL OLUWAGBEMIGA,transfer,032bjfu69d008,,
cust_demo,2024-10-26T20:11:20,1500.0,debit,8565976310,Ifeoma Nnamdi,Ecobank Bank,000010,Send to abosede Falilat Olatilewa,transfer,032beapi9b806,,
cust_demo,2024-10-26T08:27:37,415.0,debit,4654015989,Damilola Ajayi,Zenith Bank Plc,000015,Send to OPEYEMI SAMUEL OLUWAGBEMIGA,transfer,032bde4n9b402,,
cust_demo,2024-10-24T17:58:25,7000.0,debit,3883009749,Folake Adeyemi,Paycom(Opay),100004,Send to AWO JAMES ADOGA,transfer,032baf7z9a608,,
cust_demo,2024-10-24T12:20:21,97.0,debit,,Hadiza Mohammed,Paycom(Opay),100004,Top up Airtime,airtime,132b9zkjae301,,
cust_demo,2024-10-24T12:19:03,99.0,debit,,Hadiza Mohammed,Paycom(Opay),100004,Top up Airtime,airtime,132b9zidae402,,
cust_demo,2024-10-23T18:43:41,10000.0,debit,3883009749,Folake Adeyemi,Paycom(Opay),100004,Send to AWO JAMES ADOGA,transfer,032b8mnf9a909,,
cust_demo,2024-10-23T14:21:51,4780.0,debit,1377245587,Aisha Bello,StanbicIBTC Bank,000012,Send to ADIJAT O ORILOWO,transfer,032b8aj19a503,,
cust_demo,2024-10-23T02:07:46,30.0,debit,,Ivie Aghedo,StanbicIBTC Bank,000012,Buy Data bundle,data,62b7cjka8c006,,
cust_demo,2024-10-22T19:32:50,2000.0,debit,8018496186,Favour Ogbonna,Union Bank,000018,Electricity,uncategorized,12b6u9ca8c011,,
cust_demo,2024-10-21T04:39:15,22.0,debit,,Damilola Ajayi,Union Bank,000018,Buy Data bundle,data,62b3u81adb006,,
cust_demo,2024-10-20T17:48:21,100.0,debit,,Damilola Ajayi,Union Bank,000018,Top up Airtime,airtime,132b3037ad600,,
cust_demo,2024-10-17T16:19:17,11000.0,debit,8018496186,Favour Ogbonna,Union Bank,000018,Electricity,uncategorized,12axbyrac5001,,
cust_demo,2024-10-16T17:05:05,280.0,debit,,Damilola Ajayi,Union Bank,000018,Buy Data bundle,data,62avjf3ac2006,,
cust_demo,2024-10-16T17:03:58,470.0,credit,3686131324,Sola Ogundipe,Ecobank Bank,000010,Interbank transfer,transfer,602avjd899a05,,
cust_demo,2024-10-14T16:33:58,269.0,debit,2551629071,Osayi Uwadia,First Bank of Nigeria,000016,Send to MFY / OPEN VTU SAMUEL OPEYEMI OLUWAGBEMIGA,transfer,032arsn899703,,
cust_demo,2024-10-14T12:28:45,600.0,debit,5928406556,Wumi Ogunbanjo,Union Bank,000018,Send to YEMI OLAWUNMI OLUGBEMIGA,transfer,032arhaj99700,,
cust_demo,2024-10-14T06:27:09,1600.0,debit,4654015989,Damilola Ajayi,Zenith Bank Plc,000015,Send to OPEYEMI SAMUEL OLUWAGBEMIGA,transfer,032ar0jv99902,,
cust_demo,2024-10-14T06:25:38,2800.0,debit,9963910132,Doubra Kalio,Fidelity Bank,000007,Send to OLAMIDE MUJIDAT GBADEBO,transfer,032ar0hc99401,,
cust_demo,2024-10-13T18:31:45,750.0,debit,4654015989,Damilola Ajayi,Zenith Bank Plc,000015,Send to OPEYEMI SAMUEL OLUWAGBEMIGA,transfer,032aq3fj99d0b,,
cust_demo,2024-10-12T17:19:43,270.0,debit,2551629071,Osayi Uwadia,First Bank of Nigeria,000016,Send to MFY / OPEN VTU SAMUEL OPEYEMI OLUWAGBEMIGA,transfer,032ao5fh3d905,,
cust_demo,2024-10-12T15:38:46,600.0,debit,0322544635,Stephen Obi,StanbicIBTC Bank,000012,Send to POS Transfer CHINEDU OKEAGU,transfer,032ao0r899a05,,
cust_demo,2024-10-12T15:34:36,1000.0,debit,4484099091,Balaraba Umaru,Zenith Bank Plc,000015,Send to ESTHER  OKEY,transfer,032ao0ka99f07,,
cust_demo,2024-10-12T09:41:54,269.0,debit,2551629071,Osayi Uwadia,First Bank of Nigeria,000016,Send to MFY / OPEN VTU SAMUEL OPEYEMI OLUWAGBEMIGA,transfer,032ank8g9a007,,
cust_demo,2024-10-11T10:21:47,270.0,debit,2551629071,Osayi Uwadia,First Bank of Nigeria,000016,Send to MFY / OPEN VTU SAMUEL OPEYEMI OLUWAGBEMIGA,transfer,032alrex99604,,
cust_demo,2024-10-10T14:18:16,1000.0,debit,4654015989,Damilola Ajayi,Zenith Bank Plc,000015,Send to OPEYEMI SAMUEL OLUWAGBEMIGA,transfer,032ak7p299000,,
cust_demo,2024-10-10T12:29:36,270.0,debit,2551629071,Osayi Uwadia,First Bank of Nigeria,000016,Send to MFY / OPEN VTU SAMUEL OPEYEMI OLUWAGBEMIGA,transfer,032ak2ny98d07,,
cust_demo,2024-10-09T18:47:37,1200.0,debit,4654015989,Damilola Ajayi,Zenith Bank Plc,000015,Send to OPEYEMI SAMUEL OLUWAGBEMIGA,transfer,032aiphz61506,,
cust_demo,2024-10-09T15:34:52,6000.0,debit,7630091296,Suoyo Amachree,First Bank of Nigeria,000016,Send to JOY AGUMELE KADIRI,transfer,032aigkq99101,,
cust_demo,2024-10-09T15:24:50,270.0,debit,2551629071,Osayi Uwadia,First Bank of Nigeria,000016,Send to MFY / OPEN VTU SAMUEL OPEYEMI OLUWAGBEMIGA,transfer,032aig4098e05,,
cust_demo,2024-10-07T08:05:21,229.0,debit,4654015989,Damilola Ajayi,Zenith Bank Plc,000015,Send to OPEYEMI SAMUEL OLUWAGBEMIGA,transfer,032ae6fj8cd00,,
cust_demo,2024-10-06T15:21:45,271.0,debit,2551629071,Osayi Uwadia,First Bank of Nigeria,000016,Send to MFY / OPEN VTU SAMUEL OPEYEMI OLUWAGBEMIGA,transfer,032acvyv98608,,
cust_demo,2024-10-05T14:40:02,265.0,debit,2551629071,Osayi Uwadia,First Bank of Nigeria,000016,Send to MFY / OPEN VTU SAMUEL OPEYEMI OLUWAGBEMIGA,transfer,032aazdc89e01,,
cust_demo,2024-10-04T23:15:23,270.0,debit,2551629071,Osayi Uwadia,First Bank of Nigeria,000016,Send to MFY / OPEN VTU SAMUEL OPEYEMI OLUWAGBEMIGA,transfer,032a9sk998800,,
cust_demo,2024-10-04T17:55:23,280.0,debit,,Folake Adeyemi,First Bank of Nigeria,000016,Buy Data bundle,data,62a9dqxab6006,,
cust_demo,2024-10-02T04:40:31,280.0,debit,,Folake Adeyemi,First Bank of Nigeria,000016,Buy Data bundle,data,62a4nm5abe006,,
cust_demo,2024-09-30T20:01:34,280.0,debit,,Folake Adeyemi,First Bank of Nigeria,000016,Buy Data bundle,data,62a24x852d006,,
cust_demo,2024-09-28T21:20:58,300.0,debit,4654015989,Damilola Ajayi,Zenith Bank Plc,000015,Send to OPEYEMI SAMUEL OLUWAGBEMIGA,transfer,0329yj9k8ea04,,
cust_demo,2024-09-28T19:35:17,265.0,debit,,Matthew Okereke,Zenith Bank Plc,000015,Buy Data bundle,data,629yedfa3c006,,
cust_demo,2024-09-28T17:28:32,999.0,debit,8018496186,Favour Ogbonna,Union Bank,000018,Electricity,uncategorized,129y8i67fc021,,
cust_demo,2024-09-28T03:35:47,100.0,debit,4654015989,Damilola Ajayi,Zenith Bank Plc,000015,Send to OPEYEMI SAMUEL OLUWAGBEMIGA,transfer,0329x5y98cd01,,
cust_demo,2024-09-27T19:38:20,280.0,debit,,Matthew Okereke,Zenith Bank Plc,000015,Buy Data bundle,data,629wjuiab2006,,
cust_demo,2024-09-27T19:17:52,9920.0,debit,7807962863,Enivwenae Okoduwa,Wema Bank,000017,Send to BlueRidge(OPEYEMI OLUWAGBEMIGA repay for loan),transfer,0329wiwe98d04,,
cust_demo,2024-09-27T14:59:54,1500.0,debit,8018496186,Favour Ogbonna,Union Bank,000018,Electricity,uncategorized,129w6yg7fc001,,
cust_demo,2024-09-27T08:21:04,12100.0,debit,1187331486,Precious Eze,First Bank of Nigeria,000016,Send to BlueRidge(OLAWUNMI OLUGBEMIGA repay for loan),transfer,0329vohq61504,,
cust_demo,2024-09-24T23:04:27,109.0,debit,4654015989,Damilola Ajayi,Zenith Bank Plc,000015,Send to OPEYEMI SAMUEL OLUWAGBEMIGA,transfer,0329r9e197a00,,
cust_demo,2024-09-17T15:10:43,200.0,debit,,Matthew Okereke,Zenith Bank Plc,000015,Buy Data bundle,data,629dosh732016,,
cust_demo,2024-09-16T08:40:45,400.0,debit,,Matthew Okereke,Zenith Bank Plc,000015,Buy Data bundle,data,629bc2j732006,,
cust_demo,2024-09-16T08:38:47,109.0,credit,7767025037,Hauwa Yakubu,Sterling Bank,000001,CashBox Withdraw,uncategorized,t629bbz95c904,,
cust_demo,2024-09-09T01:10:05,21.0,debit,,Richard Aliyu,Sterling Bank,000001,Buy Data bundle,data,628xsjfa3a006,,
cust_demo,2024-09-05T00:05:24,50.0,debit,,Richard Aliyu,Sterling Bank,000001,Buy Data bundle,data,628qavma29006,,
cust_demo,2024-09-04T12:08:14,100.0,debit,,Richard Aliyu,Sterling Bank,000001,Top up Airtime,airtime,1328pdoca2e00,,
cust_demo,2024-09-03T18:23:13,8200.0,debit,6487349291,Kemi Oyelaran,Zenith Bank Plc,000015,Send to IRETI ENITAN ODENIKE,transfer,0328o0db92209,,
cust_demo,2024-09-03T18:22:32,2000.62,credit,7767025037,Hauwa Yakubu,Sterling Bank,000001,CashBox Withdraw,uncategorized,t628o0c658801,,
cust_demo,2024-09-03T18:07:31,6200.0,credit,6973839540,Ayo Fagbemi,StanbicIBTC Bank,000012,Received from Flexi Cash,transfer,CAL28nzn49b501,,
cust_demo,2024-09-03T08:03:14,2000.0,debit,9963910132,Doubra Kalio,Fidelity Bank,000007,Send to OLAMIDE MUJIDAT GBADEBO,transfer,0328n7o091c01,,
cust_demo,2024-09-02T11:11:46,3200.0,debit,4654015989,Damilola Ajayi,Zenith Bank Plc,000015,Send to OPEYEMI SAMUEL OLUWAGBEMIGA,transfer,0328llq891f00,,
cust_demo,2024-08-29T19:36:12,10700.0,debit,8018496186,Favour Ogbonna,Union Bank,000018,Electricity,uncategorized,128euey8b8001,,
cust_demo,2024-08-29T08:04:33,106.0,debit,4654015989,Damilola Ajayi,Zenith Bank Plc,000015,Send to OPEYEMI SAMUEL OLUWAGBEMIGA,transfer,0328dye790f01,,
cust_demo,2024-08-17T17:48:04,47.0,debit,,Matthew Okereke,Zenith Bank Plc,000015,Buy Data bundle,data,627sheq9c7006,,
cust_demo,2024-08-17T16:03:56,149.0,debit,4654015989,Damilola Ajayi,Zenith Bank Plc,000015,Send to OPEYEMI SAMUEL OLUWAGBEMIGA,transfer,0327scl68ec06,,
cust_demo,2024-08-17T11:08:16,194.0,debit,,Matthew Okereke,Zenith Bank Plc,000015,Buy Data bundle,data,627rywe9c9026,,
cust_demo,2024-08-16T10:00:58,350.0,debit,,Matthew Okereke,Zenith Bank Plc,000015,Buy Data bundle,data,627q1489be016,,
cust_demo,2024-08-15T17:47:10,44.0,debit,,Matthew Okereke,Zenith Bank Plc,000015,Buy Data bundle,data,627os189c1026,,
cust_demo,2024-08-15T09:10:59,132.0,debit,4654015989,Damilola Ajayi,Zenith Bank Plc,000015,Send to OPEYEMI SAMUEL OLUWAGBEMIGA,transfer,0327o44x8ee08,,
cust_demo,2024-08-14T16:43:36,97.0,debit,,Matthew Okereke,Zenith Bank Plc,000015,Top up Airtime,airtime,1327mufa48200,,
cust_demo,2024-08-14T02:47:36,44.0,debit,,Matthew Okereke,Zenith Bank Plc,000015,Buy Data bundle,data,627lrpy9af006,,
cust_demo,2024-08-13T10:06:16,285.0,debit,2551629071,Osayi Uwadia,First Bank of Nigeria,000016,Send to MFY / OPEN VTU SAMUEL OPEYEMI OLUWAGBEMIGA,transfer,0327khd28d407,,
cust_demo,2024-08-13T09:42:56,200.0,debit,4484099091,Balaraba Umaru,Zenith Bank Plc,000015,Send to ESTHER  OKEY,transfer,0327kga68db07,,
cust_demo,2024-08-12T04:34:02,100.0,debit,4654015989,Damilola Ajayi,Zenith Bank Plc,000015,Send to OPEYEMI SAMUEL OLUWAGBEMIGA,transfer,0327i7bc8c700,,
cust_demo,2024-08-10T12:45:38,1100.0,debit,5916959629,Osayi Uwadia,PalmPay Limited,100033,Send to TOBI JEANNETTE LOKO,transfer,0327f4qo8b100,,
cust_demo,2024-08-09T20:10:09,94.0,debit,,Rabiu Auwal,PalmPay Limited,100033,Top up Airtime,airtime,1327dunj9ab00,,
cust_demo,2024-08-09T13:36:14,500.0,debit,5371847953,Nasir Adamu,Zenith Bank Plc,000015,Send to cecilia monica mgbeokwere,transfer,0327dcf08b607,,
cust_demo,2024-08-09T09:35:14,200.0,debit,5916959629,Osayi Uwadia,PalmPay Limited,100033,Send to TOBI JEANNETTE LOKO,transfer,0327d19c8b300,,
cust_demo,2024-08-03T08:36:55,529.0,debit,4654015989,Damilola Ajayi,Zenith Bank Plc,000015,Send to OPEYEMI SAMUEL OLUWAGBEMIGA,transfer,03271uk58a501,,
cust_demo,2024-08-02T21:57:08,100.0,debit,5916959629,Osayi Uwadia,PalmPay Limited,100033,Send to TOBI JEANNETTE LOKO,transfer,032710xu89b09,,
cust_demo,2024-08-02T19:16:09,132.0,debit,4654015989,Damilola Ajayi,Zenith Bank Plc,000015,Send to OPEYEMI SAMUEL OLUWAGBEMIGA,transfer,03270thj8a10a,,
cust_demo,2024-08-02T09:25:10,600.0,debit,8298491057,Precious Eze,Wema Bank,000017,Send to ADEBOLA TITILOPE AINA,transfer,u427024k1c100,,
cust_demo,2024-08-02T08:47:41,149.0,debit,2551629071,Osayi Uwadia,First Bank of Nigeria,000016,Send to MFY / OPEN VTU SAMUEL OPEYEMI OLUWAGBEMIGA,transfer,032700e38a708,,
cust_demo,2024-08-01T21:18:23,150.0,debit,5916959629,Osayi Uwadia,PalmPay Limited,100033,Send to TOBI JEANNETTE LOKO,transfer,0326z4h98ab04,,
cust_demo,2024-08-01T20:56:45,149.0,debit,2551629071,Osayi Uwadia,First Bank of Nigeria,000016,Send to MFY / OPEN VTU SAMUEL OPEYEMI OLUWAGBEMIGA,transfer,0326z3h78ac06,,
cust_demo,2024-08-01T20:04:24,2000.0,debit,7056591769,Amaka Chukwu,Ecobank Bank,000010,Send to KAFAYAT AJOKE SHITTU,transfer,0326z11y8ab00,,
cust_demo,2024-08-01T19:56:02,400.0,debit,2875830483,Yusuf Abubakar,GTBank Plc,000013,Send to RASHEEDAT AINA OSENI,transfer,0326z0o08a30a,,
cust_demo,2024-08-01T17:40:50,200.0,debit,3814240769,James Adebayo,United Bank for Africa,000004,Send to AJIFOLAYAN EBENEZER MOBOLUWAJI,transfer,0326yueo5fa05,,
cust_demo,2024-08-01T17:34:17,1450.0,credit,3686131324,Sola Ogundipe,Ecobank Bank,000010,Interbank transfer,transfer,6026yu3r8a901,,
cust_demo,2024-07-31T20:47:50,850.0,debit,4654015989,Damilola Ajayi,Zenith Bank Plc,000015,Send to OPEYEMI SAMUEL OLUWAGBEMIGA,transfer,0326x8ec8ac05,,
cust_demo,2024-07-31T20:47:25,850.0,debit,4654015989,Damilola Ajayi,Zenith Bank Plc,000015,Send to OPEYEMI SAMUEL OLUWAGBEMIGA,transfer,0326x8dn8a200,,
cust_demo,2024-07-31T20:46:31,100.0,debit,5916959629,Osayi Uwadia,PalmPay Limited,100033,Send to TOBI JEANNETTE LOKO,transfer,0326x8c58ab06,,
cust_demo,2024-07-31T20:38:17,300.0,debit,5916959629,Osayi Uwadia,PalmPay Limited,100033,Send to TOBI JEANNETTE LOKO,transfer,0326x7yf8af01,,
cust_demo,2024-07-31T15:18:29,149.0,debit,2551629071,Osayi Uwadia,First Bank of Nigeria,000016,Send to MFY / OPEN VTU SAMUEL OPEYEMI OLUWAGBEMIGA,transfer,0326wt5f8a705,,
cust_demo,2024-07-31T14:29:12,150.0,debit,5916959629,Osayi Uwadia,PalmPay Limited,100033,Send to TOBI JEANNETTE LOKO,transfer,0326wqva8af06,,
cust_demo,2024-07-31T11:51:42,500.0,debit,5916959629,Osayi Uwadia,PalmPay Limited,100033,Send to TOBI JEANNETTE LOKO,transfer,0326wjks8aa05,,
cust_demo,2024-07-30T21:05:46,150.0,debit,5916959629,Osayi Uwadia,PalmPay Limited,100033,Send to TOBI JEANNETTE LOKO,transfer,0326vek88a105,,
cust_demo,2024-07-30T07:56:42,149.0,debit,2551629071,Osayi Uwadia,First Bank of Nigeria,000016,Send to MFY / OPEN VTU SAMUEL OPEYEMI OLUWAGBEMIGA,transfer,0326ue148a600,,
cust_demo,2024-07-30T06:53:33,270.0,debit,2551629071,Osayi Uwadia,First Bank of Nigeria,000016,Send to MFY / OPEN VTU SAMUEL OPEYEMI OLUWAGBEMIGA,transfer,0326ub3v8a801,,
cust_demo,2024-07-29T20:28:49,500.0,debit,5916959629,Osayi Uwadia,PalmPay Limited,100033,Send to TOBI JEANNETTE LOKO,transfer,0326ti6m89806,,
cust_demo,2024-07-29T20:06:22,300.0,debit,5916959629,Osayi Uwadia,PalmPay Limited,100033,Send to TOBI JEANNETTE LOKO,transfer,0326th588a001,,
cust_demo,2024-07-29T18:58:38,50.0,debit,4654015989,Damilola Ajayi,Zenith Bank Plc,000015,Send to OPEYEMI SAMUEL OLUWAGBEMIGA,transfer,0326te0c89e01,,
cust_demo,2024-07-29T18:55:05,138.0,debit,4654015989,Damilola Ajayi,Zenith Bank Plc,000015,Send to OPEYEMI SAMUEL OLUWAGBEMIGA,transfer,0326tduf89807,,
cust_demo,2024-07-29T12:00:07,900.0,debit,4654015989,Damilola Ajayi,Zenith Bank Plc,000015,Send to OPEYEMI SAMUEL OLUWAGBEMIGA,transfer,0326sumt77801,,
cust_demo,2024-07-29T11:57:12,5000.0,debit,5928406556,Wumi Ogunbanjo,Union Bank,000018,Send to YEMI OLAWUNMI OLUGBEMIGA,transfer,0326suhy89d00,,
cust_demo,2024-07-29T08:51:01,500.0,debit,5916959629,Osayi Uwadia,PalmPay Limited,100033,Send to TOBI JEANNETTE LOKO,transfer,0326slvn64703,,
cust_demo,2024-07-28T20:50:29,100.0,debit,5916959629,Osayi Uwadia,PalmPay Limited,100033,Send to TOBI JEANNETTE LOKO,transfer,0326roir7e704,,
cust_demo,2024-07-27T21:40:10,500.0,debit,5916959629,Osayi Uwadia,PalmPay Limited,100033,Send to TOBI JEANNETTE LOKO,transfer,0326pw5k80f04,,
cust_demo,2024-07-27T13:07:28,600.0,debit,2713245474,Glory Umeh,First Bank of Nigeria,000016,Send to NICK NDUBUISI OKPARAH,transfer,u326p8f21af00,,
cust_demo,2024-07-27T13:00:02,2100.0,credit,6973839540,Ayo Fagbemi,StanbicIBTC Bank,000012,Received from Flexi Cash,transfer,CAL26p82o6d900,,
cust_demo,2024-07-26T19:41:51,136.0,debit,4654015989,Damilola Ajayi,Zenith Bank Plc,000015,Send to OPEYEMI SAMUEL OLUWAGBEMIGA,transfer,0326nw0d7e70b,,
cust_demo,2024-07-26T19:30:28,250.0,debit,5916959629,Osayi Uwadia,PalmPay Limited,100033,Send to TOBI JEANNETTE LOKO,transfer,0326nvhe7e703,,
cust_demo,2024-07-26T18:07:20,150.0,debit,0034172696,Musa Ibrahim,Access Bank,000014,Send to EMMANUEL OLUMIDE AKERELE,transfer,0326nrmu64706,,
cust_demo,2024-07-26T17:14:55,94.0,debit,,Folake Adeyemi,Access Bank,000014,Top up Airtime,airtime,1326np7h88701,,
cust_demo,2024-07-26T11:05:55,300.0,debit,5371847953,Nasir Adamu,Zenith Bank Plc,000015,Send to cecilia monica mgbeokwere,transfer,0326n84h89508,,
cust_demo,2024-07-25T20:58:15,50.0,debit,5916959629,Osayi Uwadia,PalmPay Limited,100033,Send to TOBI JEANNETTE LOKO,transfer,0326m4vp89600,,
cust_demo,2024-07-24T19:09:45,1200.0,debit,2875830483,Yusuf Abubakar,GTBank Plc,000013,Send to RASHEEDAT AINA OSENI,transfer,0326k56v87e04,,
cust_demo,2024-07-24T14:48:08,300.0,debit,1813252014,James Adebayo,Kuda Microfinance Bank,090267,Send to MUHAMMED TAHIRU HARUNA,transfer,0326jt2u88505,,
cust_demo,2024-07-24T12:49:30,255.0,debit,4654015989,Damilola Ajayi,Zenith Bank Plc,000015,Send to OPEYEMI SAMUEL OLUWAGBEMIGA,transfer,0326jnl488104,,
cust_demo,2024-07-24T09:08:10,550.0,debit,2713245474,Glory Umeh,First Bank of Nigeria,000016,Send to NICK NDUBUISI OKPARAH,transfer,u326jdc8aa00,,
cust_demo,2024-07-23T20:38:34,100.0,debit,5916959629,Osayi Uwadia,PalmPay Limited,100033,Send to TOBI JEANNETTE LOKO,transfer,0326iemw87709,,
cust_demo,2024-07-23T17:29:03,866.0,debit,2551629071,Osayi Uwadia,First Bank of Nigeria,000016,Send to MFY / OPEN VTU SAMUEL OPEYEMI OLUWAGBEMIGA,transfer,0326i5v187a04,,
cust_demo,2024-07-23T17:25:12,1000.0,debit,5928406556,Wumi Ogunbanjo,Union Bank,000018,Send to YEMI OLAWUNMI OLUGBEMIGA,transfer,0326i5om84402,,
cust_demo,2024-07-23T11:31:02,148.5,debit,2551629071,Osayi Uwadia,First Bank of Nigeria,000016,Send to MFY / OPEN VTU SAMUEL OPEYEMI OLUWAGBEMIGA,transfer,0326hpac84404,,
cust_demo,2024-07-23T11:22:46,620.0,debit,4674936624,Esther Okonkwo,United Bank for Africa,000004,Send to POS Transfer MOMOH WOSILAT BLESSING,transfer,0326howk87601,,
cust_demo,2024-07-23T09:43:05,268.0,debit,2551629071,Osayi Uwadia,First Bank of Nigeria,000016,Send to MFY / OPEN VTU SAMUEL OPEYEMI OLUWAGBEMIGA,transfer,0326hkaf87405,,
cust_demo,2024-07-23T09:12:18,280.0,debit,4654015989,Damilola Ajayi,Zenith Bank Plc,000015,Send to OPEYEMI SAMUEL OLUWAGBEMIGA,transfer,0326hiv487500,,
cust_demo,2024-07-22T21:07:22,200.0,debit,0076642484,Chiamaka Uche,StanbicIBTC Bank,000012,Send to Emeka Nwuzor,transfer,0326glaw87306,,
cust_demo,2024-07-22T20:53:40,100.0,debit,5916959629,Osayi Uwadia,PalmPay Limited,100033,Send to TOBI JEANNETTE LOKO,transfer,0326gko284408,,
cust_demo,2024-07-22T18:05:22,200.0,debit,6439723790,Dele Adegoke,Access Bank,000014,Send to ZAKARI ALIYU,transfer,0326gcvk87400,,
cust_demo,2024-07-22T15:03:41,148.0,debit,2551629071,Osayi Uwadia,First Bank of Nigeria,000016,Send to MFY / OPEN VTU SAMUEL OPEYEMI OLUWAGBEMIGA,transfer,0326g4gr87104,,
cust_demo,2024-07-22T14:44:58,132.0,debit,4654015989,Damilola Ajayi,Zenith Bank Plc,000015,Send to OPEYEMI SAMUEL OLUWAGBEMIGA,transfer,0326g3lk87c03,,
cust_demo,2024-07-22T14:34:37,200.0,debit,9055874716,Ere-ebi Bekederemo,Wema Bank,000017,Send to IFEANYI YAHWEH AGHASILI,transfer,0326g34b87c06,,
cust_demo,2024-07-22T11:22:13,370.0,debit,4120429650,John Okafor,GTBank Plc,000013,Send to WOSILAT BLESSING MOMOH,transfer,0326fu7n87807,,
cust_demo,2024-07-20T14:25:46,394.0,debit,,Ejike Anozie,GTBank Plc,000013,Buy Data bundle,data,626cddk8c9026,,
cust_demo,2024-07-20T13:45:23,133.0,debit,2551629071,Osayi Uwadia,First Bank of Nigeria,000016,Send to MFY / OPEN VTU SAMUEL OPEYEMI OLUWAGBEMIGA,transfer,0326cbi986a03,,
cust_demo,2024-07-18T16:21:31,1100.0,debit,6554995580,Diepiriye Fubara,Access Bank,000014,Send to FELIX NWOGBALA,transfer,03268teh86902,,
cust_demo,2024-07-18T04:24:50,25.0,debit,,Folake Adeyemi,Access Bank,000014,Buy Data bundle,data,6267w80936016,,
cust_demo,2024-07-18T03:52:57,25.0,debit,,Folake Adeyemi,Access Bank,000014,Buy Data bundle,data,6267uqv91d006,,
cust_demo,2024-07-17T07:22:20,100.0,debit,,Folake Adeyemi,Access Bank,000014,Top up Airtime,airtime,132669ru93d02,,
cust_demo,2024-07-17T07:05:39,3297.0,debit,4652230522,Ifeoma Nnamdi,Zenith Bank Plc,000015,TV,uncategorized,2266901940012,,
cust_demo,2024-07-16T21:27:29,375.0,debit,2551629071,Osayi Uwadia,First Bank of Nigeria,000016,Send to MFY / OPEN VTU SAMUEL OPEYEMI OLUWAGBEMIGA,transfer,03265i8f85501,,
cust_demo,2024-07-16T14:24:41,250.0,debit,5916959629,Osayi Uwadia,PalmPay Limited,100033,Send to TOBI JEANNETTE LOKO,transfer,03264ynr85105,,
cust_demo,2024-07-16T08:39:05,1800.0,debit,5916959629,Osayi Uwadia,PalmPay Limited,100033,Send to TOBI JEANNETTE LOKO,transfer,03264inr78505,,
cust_demo,2024-07-15T21:29:46,150.0,debit,5916959629,Osayi Uwadia,PalmPay Limited,100033,Send to TOBI JEANNETTE LOKO,transfer,03263no884103,,
cust_demo,2024-07-15T09:02:44,800.0,debit,4622145043,Charles Nnaji,Sterling Bank,000001,Send to SAMUEL OLATUNJI ADELANI,transfer,03262p364cd04,,
cust_demo,2024-07-14T22:17:46,500.0,debit,5916959629,Osayi Uwadia,PalmPay Limited,100033,Send to TOBI JEANNETTE LOKO,transfer,03261v8883401,,
cust_demo,2024-07-14T21:48:36,100.0,debit,5916959629,Osayi Uwadia,PalmPay Limited,100033,Send to TOBI JEANNETTE LOKO,transfer,03261tvm83902,,
cust_demo,2024-07-14T20:05:49,800.0,debit,4654015989,Damilola Ajayi,Zenith Bank Plc,000015,Send to OPEYEMI SAMUEL OLUWAGBEMIGA,transfer,03261p4b83402,,
cust_demo,2024-07-14T19:19:13,10.0,debit,2551629071,Osayi Uwadia,First Bank of Nigeria,000016,Send to MFY / OPEN VTU SAMUEL OPEYEMI OLUWAGBEMIGA,transfer,03261myn83c06,,
cust_demo,2024-07-14T19:12:23,1160.0,debit,2551629071,Osayi Uwadia,First Bank of Nigeria,000016,Send to MFY / OPEN VTU SAMUEL OPEYEMI OLUWAGBEMIGA,transfer,03261mn982e00,,
cust_demo,2024-07-14T19:05:11,1000.0,debit,4222224360,Khadija Abdullahi,Union Bank,000018,Send to IKENNA UCHENNA ODORIMO,transfer,03261mb983b06,,
cust_demo,2024-07-13T22:28:36,134.0,debit,2551629071,Osayi Uwadia,First Bank of Nigeria,000016,Send to MFY / OPEN VTU SAMUEL OPEYEMI OLUWAGBEMIGA,transfer,0326012a82e01,,
cust_demo,2024-07-13T13:08:03,44.0,debit,,Folake Adeyemi,First Bank of Nigeria,000016,Buy Data bundle,data,625zb4191e046,,
cust_demo,2024-07-13T07:33:16,392.0,debit,2551629071,Osayi Uwadia,First Bank of Nigeria,000016,Send to MFY / OPEN VTU SAMUEL OPEYEMI OLUWAGBEMIGA,transfer,0325yvm283602,,
cust_demo,2024-07-12T21:23:37,100.0,debit,5916959629,Osayi Uwadia,PalmPay Limited,100033,Send to TOBI JEANNETTE LOKO,transfer,0325y3dz78b02,,
cust_demo,2024-07-12T20:33:34,350.0,debit,4015379874,Bashir Lawal,GTBank Plc,000013,Send to DAVID OSCAR BLESSING,transfer,0325y12k83802,,
cust_demo,2024-07-12T13:02:56,300.0,debit,3814240769,James Adebayo,United Bank for Africa,000004,Send to AJIFOLAYAN EBENEZER MOBOLUWAJI,transfer,0325xg7i83605,,
cust_demo,2024-07-12T02:23:23,420.0,debit,2551629071,Osayi Uwadia,First Bank of Nigeria,000016,Send to MFY / OPEN VTU SAMUEL OPEYEMI OLUWAGBEMIGA,transfer,0325wmll83301,,
cust_demo,2024-07-11T20:35:56,300.0,debit,5916959629,Osayi Uwadia,PalmPay Limited,100033,Send to TOBI JEANNETTE LOKO,transfer,0325w6ii78b09,,
cust_demo,2024-07-11T20:00:24,1400.0,debit,4654015989,Damilola Ajayi,Zenith Bank Plc,000015,Send to OPEYEMI SAMUEL OLUWAGBEMIGA,transfer,0325w4va82f00,,
cust_demo,2024-07-11T10:00:58,142.0,debit,2551629071,Osayi Uwadia,First Bank of Nigeria,000016,Send to MFY / OPEN VTU SAMUEL OPEYEMI OLUWAGBEMIGA,transfer,0325vd4883c03,,
cust_demo,2024-07-10T17:43:29,244.0,debit,2551629071,Osayi Uwadia,First Bank of Nigeria,000016,Send to MFY / OPEN VTU SAMUEL OPEYEMI OLUWAGBEMIGA,transfer,0325u3v382601,,
cust_demo,2024-07-10T12:34:30,145.0,debit,2551629071,Osayi Uwadia,First Bank of Nigeria,000016,Send to MFY / OPEN VTU SAMUEL OPEYEMI OLUWAGBEMIGA,transfer,0325tpk482602,,
cust_demo,2024-07-10T12:20:39,400.0,debit,5916959629,Osayi Uwadia,PalmPay Limited,100033,Send to TOBI JEANNETTE LOKO,transfer,0325tox182606,,
cust_demo,2024-07-10T11:02:10,245.0,debit,2551629071,Osayi Uwadia,First Bank of Nigeria,000016,Send to MFY / OPEN VTU SAMUEL OPEYEMI OLUWAGBEMIGA,transfer,0325tla882c09,,
cust_demo,2024-07-09T19:54:19,500.0,debit,5916959629,Osayi Uwadia,PalmPay Limited,100033,Send to TOBI JEANNETTE LOKO,transfer,0325sf9581d04,,
cust_demo,2024-07-08T09:47:52,134.0,debit,4654015989,Damilola Ajayi,Zenith Bank Plc,000015,Send to OPEYEMI SAMUEL OLUWAGBEMIGA,transfer,0325psie81200,,
cust_demo,2024-07-08T09:47:20,80.0,debit,,Matthew Okereke,Zenith Bank Plc,000015,Top up Airtime,airtime,1325pshi8de00,,
cust_demo,2024-07-08T01:09:33,110.0,debit,2551629071,Osayi Uwadia,First Bank of Nigeria,000016,Send to MFY / OPEN VTU SAMUEL OPEYEMI OLUWAGBEMIGA,transfer,0325p4ij7f600,,
cust_demo,2024-07-07T18:09:30,300.0,debit,0076642484,Chiamaka Uche,StanbicIBTC Bank,000012,Send to Emeka Nwuzor,transfer,0325ol2g81900,,
cust_demo,2024-07-07T16:19:17,4000.0,debit,4588994407,Lekan Odutola,Fidelity Bank,000007,Send to SAMUEL AYOMIDE ADEBAYO,transfer,0325ofyr81300,,
cust_demo,2024-07-07T15:04:58,250.0,debit,5916959629,Osayi Uwadia,PalmPay Limited,100033,Send to TOBI JEANNETTE LOKO,transfer,0325ociw7c407,,
cust_demo,2024-07-07T14:33:12,490.0,debit,2551629071,Osayi Uwadia,First Bank of Nigeria,000016,Send to MFY / OPEN VTU SAMUEL OPEYEMI OLUWAGBEMIGA,transfer,0325ob1y81802,,
cust_demo,2024-07-06T20:07:43,300.0,debit,5916959629,Osayi Uwadia,PalmPay Limited,100033,Send to TOBI JEANNETTE LOKO,transfer,0325mvvh81605,,
cust_demo,2024-07-06T18:46:36,149.0,debit,2551629071,Osayi Uwadia,First Bank of Nigeria,000016,Send to MFY / OPEN VTU SAMUEL OPEYEMI OLUWAGBEMIGA,transfer,0325ms4a81901,,
cust_demo,2024-07-06T17:35:18,241.0,debit,2551629071,Osayi Uwadia,First Bank of Nigeria,000016,Send to MFY / OPEN VTU SAMUEL OPEYEMI OLUWAGBEMIGA,transfer,0325motg79b00,,
cust_demo,2024-07-06T13:07:43,300.0,debit,5916959629,Osayi Uwadia,PalmPay Limited,100033,Send to TOBI JEANNETTE LOKO,transfer,0325mcfh81302,,
cust_demo,2024-07-06T04:43:13,245.0,debit,2551629071,Osayi Uwadia,First Bank of Nigeria,000016,Send to MFY / OPEN VTU SAMUEL OPEYEMI OLUWAGBEMIGA,transfer,0325lp2n81c00,,
cust_demo,2024-07-06T02:47:00,100.0,debit,4654015989,Damilola Ajayi,Zenith Bank Plc,000015,Send to OPEYEMI SAMUEL OLUWAGBEMIGA,transfer,0325ljoy81300,,
cust_demo,2024-07-06T00:20:33,275.0,debit,2551629071,Osayi Uwadia,First Bank of Nigeria,000016,Send to MFY / OPEN VTU SAMUEL OPEYEMI OLUWAGBEMIGA,transfer,0325lcwv7f600,,
cust_demo,2024-07-04T20:29:51,234.5,debit,2551629071,Osayi Uwadia,First Bank of Nigeria,000016,Send to MFY / OPEN VTU SAMUEL OPEYEMI OLUWAGBEMIGA,transfer,0325j7kd81404,,
cust_demo,2024-07-04T19:41:52,250.0,debit,5916959629,Osayi Uwadia,PalmPay Limited,100033,Send to TOBI JEANNETTE LOKO,transfer,0325j5ce81902,,
cust_demo,2024-07-04T18:11:28,246.0,debit,2551629071,Osayi Uwadia,First Bank of Nigeria,000016,Send to MFY / OPEN VTU SAMUEL OPEYEMI OLUWAGBEMIGA,transfer,0325j15q81802,,
cust_demo,2024-07-04T01:37:19,50.0,debit,,Folake Adeyemi,First Bank of Nigeria,000016,Buy Data bundle,data,625hr4t8c1006,,
cust_demo,2024-07-04T00:56:54,25.0,debit,,Folake Adeyemi,First Bank of Nigeria,000016,Buy Data bundle,data,625hp9g8dd006,,
cust_demo,2024-07-04T00:18:37,600.0,debit,,Folake Adeyemi,First Bank of Nigeria,000016,Buy Data bundle,data,625hnhn8d8006,,
cust_demo,2024-07-04T00:17:18,100.0,debit,,Folake Adeyemi,First Bank of Nigeria,000016,Top up Airtime,airtime,1325hnfg8dc01,,
cust_demo,2024-07-03T19:36:50,300.0,debit,5916959629,Osayi Uwadia,PalmPay Limited,100033,Send to TOBI JEANNETTE LOKO,transfer,0325hag079b09,,
cust_demo,2024-07-03T11:16:39,100.0,debit,5916959629,Osayi Uwadia,PalmPay Limited,100033,Send to TOBI JEANNETTE LOKO,transfer,0325gnad81400,,
cust_demo,2024-07-01T09:45:03,400.0,debit,0661141481,Precious Eze,Union Bank,000018,Send to GANIYU OLUWASEYI DIYA,transfer,u325ctpp19800,,
cust_demo,2024-07-01T08:10:03,99.0,debit,,Damilola Ajayi,Union Bank,000018,Top up Airtime,airtime,1325cpbd8b300,,
cust_demo,2024-06-30T20:06:11,450.0,debit,5916959629,Osayi Uwadia,PalmPay Limited,100033,Send to TOBI JEANNETTE LOKO,transfer,0325brsx80c03,,
cust_demo,2024-06-30T10:34:27,124.0,debit,2551629071,Osayi Uwadia,First Bank of Nigeria,000016,Send to MFY / OPEN VTU SAMUEL OPEYEMI OLUWAGBEMIGA,transfer,0325b1c17dc05,,
cust_demo,2024-06-29T12:22:29,140.0,debit,2551629071,Osayi Uwadia,First Bank of Nigeria,000016,Send to MFY / OPEN VTU SAMUEL OPEYEMI OLUWAGBEMIGA,transfer,03259bo381107,,
cust_demo,2024-06-29T10:30:40,1400.0,debit,5916959629,Osayi Uwadia,PalmPay Limited,100033,Send to TOBI JEANNETTE LOKO,transfer,032596hq80403,,
cust_demo,2024-06-27T13:48:36,150.0,debit,2497183070,Lekan Odutola,GTBank Plc,000013,Send to ADEBIMPE MOFIYINFOLUWA ADENIYI,transfer,03255qbm80c00,,
cust_demo,2024-06-26T21:45:35,400.0,debit,5916959629,Osayi Uwadia,PalmPay Limited,100033,Send to TOBI JEANNETTE LOKO,transfer,03254hql80e01,,
cust_demo,2024-06-26T17:46:23,200.0,debit,6439723790,Dele Adegoke,Access Bank,000014,Send to ZAKARI ALIYU,transfer,032546nx80407,,
cust_demo,2024-06-26T16:11:34,200.0,debit,6439723790,Dele Adegoke,Access Bank,000014,Send to ZAKARI ALIYU,transfer,0325429w80605,,
cust_demo,2024-06-26T10:30:57,350.0,debit,7655072245,Francis Chukwuemeka,Sterling Bank,000001,Send to mariam adejoke adeosun,transfer,03253mi780f01,,
cust_demo,2024-06-26T10:24:21,1500.0,credit,6973839540,Ayo Fagbemi,StanbicIBTC Bank,000012,Received from Flexi Cash,transfer,CAL253m7690401,,
cust_demo,2024-06-26T00:02:42,25.0,debit,,Ivie Aghedo,StanbicIBTC Bank,000012,Buy Data bundle,data,6252tf4888016,,
cust_demo,2024-06-25T19:14:25,49.0,debit,,Ivie Aghedo,StanbicIBTC Bank,000012,Buy Data bundle,data,6252g2n88d036,,
cust_demo,2024-06-25T00:27:31,50.0,debit,,Ivie Aghedo,StanbicIBTC Bank,000012,Buy Data bundle,data,6250zwh86f006,,
cust_demo,2024-06-24T23:57:09,18.0,debit,,Ivie Aghedo,StanbicIBTC Bank,000012,Buy Data bundle,data,6250yhv87e046,,
cust_demo,2024-06-24T10:47:25,100.0,debit,,Ivie Aghedo,StanbicIBTC Bank,000012,Buy Data bundle,data,624zxxn87b016,,
cust_demo,2024-06-24T10:25:05,246.0,debit,2551629071,Osayi Uwadia,First Bank of Nigeria,000016,Send to MFY / OPEN VTU SAMUEL OPEYEMI OLUWAGBEMIGA,transfer,0324zwwf80003,,
cust_demo,2024-06-24T10:23:12,200.0,debit,3814240769,James Adebayo,United Bank for Africa,000004,Send to AJIFOLAYAN EBENEZER MOBOLUWAJI,transfer,0324zwta7f308,,
cust_demo,2024-06-24T05:57:44,100.0,debit,,Adaeze Okafor,United Bank for Africa,000004,Buy Data bundle,data,624zkiu86f006,,
cust_demo,2024-06-24T00:09:53,13.0,debit,,Adaeze Okafor,United Bank for Africa,000004,Buy Data bundle,data,624z4f3878006,,
cust_demo,2024-06-23T20:27:22,350.0,debit,5916959629,Osayi Uwadia,PalmPay Limited,100033,Send to TOBI JEANNETTE LOKO,transfer,0324yu487f40b,,
cust_demo,2024-06-23T18:58:54,100.0,debit,,Rabiu Auwal,PalmPay Limited,100033,Buy Data bundle,data,624yq0s86e006,,
cust_demo,2024-06-23T15:03:11,100.0,debit,4115572438,Sylva Amakiri,Sterling Bank,000001,Send to OLUGBENGA EMMANUEL,transfer,0324yf3x7e902,,
cust_demo,2024-06-22T21:50:46,25.0,debit,,Richard Aliyu,Sterling Bank,000001,Buy Data bundle,data,624x3b887e006,,
cust_demo,2024-06-21T22:10:01,50.0,debit,,Richard Aliyu,Sterling Bank,000001,Buy Data bundle,data,624v9jb87c006,,
cust_demo,2024-06-20T23:54:22,25.0,debit,,Richard Aliyu,Sterling Bank,000001,Buy Data bundle,data,624tjp8815006,,
cust_demo,2024-06-20T21:05:50,500.0,debit,4654015989,Damilola Ajayi,Zenith Bank Plc,000015,Send to OPEYEMI SAMUEL OLUWAGBEMIGA,transfer,0324tbwc7fc01,,
cust_demo,2024-06-20T15:55:23,150.0,debit,7655072245,Francis Chukwuemeka,Sterling Bank,000001,Send to mariam adejoke adeosun,transfer,0324sxix7f802,,
cust_demo,2024-06-19T21:13:41,8300.0,debit,5928406556,Wumi Ogunbanjo,Union Bank,000018,Send to YEMI OLAWUNMI OLUGBEMIGA,transfer,0324rhlf7e604,,
cust_demo,2024-06-18T14:36:32,100.0,debit,,Damilola Ajayi,Union Bank,000018,Top up Airtime,airtime,1324p4ji87000,,
cust_demo,2024-06-17T21:29:16,320.0,debit,4654015989,Damilola Ajayi,Zenith Bank Plc,000015,Send to OPEYEMI SAMUEL OLUWAGBEMIGA,transfer,0324nsze7db05,,
cust_demo,2024-06-17T20:49:51,250.0,debit,4015379874,Bashir Lawal,GTBank Plc,000013,Send to DAVID OSCAR BLESSING,transfer,0324nr5p7d400,,
cust_demo,2024-06-17T14:25:45,350.0,debit,4015379874,Bashir Lawal,GTBank Plc,000013,Send to DAVID OSCAR BLESSING,transfer,0324n9dj7d307,,
cust_demo,2024-06-16T20:59:14,1100.0,debit,5916959629,Osayi Uwadia,PalmPay Limited,100033,Send to TOBI JEANNETTE LOKO,transfer,0324lwxc7de02,,
cust_demo,2024-06-16T15:42:34,243.0,debit,8839120976,Doubra Kalio,Zenith Bank Plc,000015,Send to OPEN VTU-Ope,transfer,0324li9k7d802,,
cust_demo,2024-06-16T15:02:48,2000.0,debit,4654015989,Damilola Ajayi,Zenith Bank Plc,000015,Send to OPEYEMI SAMUEL OLUWAGBEMIGA,transfer,0324lgfa7da05,,
cust_demo,2024-06-16T14:48:44,450.0,debit,4015379874,Bashir Lawal,GTBank Plc,000013,Send to DAVID OSCAR BLESSING,transfer,0324lfru7e103,,
cust_demo,2024-06-16T07:04:40,132.0,debit,8839120976,Doubra Kalio,Zenith Bank Plc,000015,Send to OPEN VTU-Ope,transfer,0324kuae7d402,,
cust_demo,2024-06-15T20:10:44,300.0,debit,5916959629,Osayi Uwadia,PalmPay Limited,100033,Send to TOBI JEANNETTE LOKO,transfer,0324k00i7de00,,
cust_demo,2024-06-15T18:25:16,246.0,debit,8839120976,Doubra Kalio,Zenith Bank Plc,000015,Send to OPEN VTU-Ope,transfer,0324jv4q7dd05,,
cust_demo,2024-06-15T00:34:40,100.0,debit,4654015989,Damilola Ajayi,Zenith Bank Plc,000015,Send to OPEYEMI SAMUEL OLUWAGBEMIGA,transfer,0324ihke7df01,,
cust_demo,2024-06-14T16:00:25,244.0,debit,8839120976,Doubra Kalio,Zenith Bank Plc,000015,Send to OPEN VTU-Ope,transfer,0324htrb7d303,,
cust_demo,2024-06-14T09:55:46,350.0,debit,4015379874,Bashir Lawal,GTBank Plc,000013,Send to DAVID OSCAR BLESSING,transfer,0324hcvk7d300,,
cust_demo,2024-06-14T08:10:38,1100.0,debit,1553462792,Blessing Ogboru,United Bank for Africa,000004,Send to Hope Business Ventures1,transfer,0324h80c7e100,,
cust_demo,2024-06-14T05:56:59,244.0,debit,8839120976,Doubra Kalio,Zenith Bank Plc,000015,Send to OPEN VTU-Ope,transfer,0324h1tl7d401,,
cust_demo,2024-06-13T22:03:46,600.0,debit,,Matthew Okereke,Zenith Bank Plc,000015,Top up Airtime,airtime,1324gfww86900,,
cust_demo,2024-06-13T20:15:12,200.0,debit,4015379874,Bashir Lawal,GTBank Plc,000013,Send to DAVID OSCAR BLESSING,transfer,0324gavy79706,,
cust_demo,2024-06-13T18:56:47,1500.0,debit,4654015989,Damilola Ajayi,Zenith Bank Plc,000015,Send to OPEYEMI SAMUEL OLUWAGBEMIGA,transfer,0324g7997db01,,
cust_demo,2024-06-13T14:14:33,90.0,debit,4654015989,Damilola Ajayi,Zenith Bank Plc,000015,Send to OPEYEMI SAMUEL OLUWAGBEMIGA,transfer,0324fu6v7d500,,
cust_demo,2024-06-13T10:13:11,100.0,debit,5916959629,Osayi Uwadia,PalmPay Limited,100033,Send to TOBI JEANNETTE LOKO,transfer,0324fj0l7d506,,
cust_demo,2024-06-12T22:10:44,100.0,debit,5916959629,Osayi Uwadia,PalmPay Limited,100033,Send to TOBI JEANNETTE LOKO,transfer,0324elki7d902,,
cust_demo,2024-06-12T20:50:16,300.0,debit,5916959629,Osayi Uwadia,PalmPay Limited,100033,Send to TOBI JEANNETTE LOKO,transfer,0324ehue7d402,,
cust_demo,2024-06-12T17:25:50,246.0,debit,8839120976,Doubra Kalio,Zenith Bank Plc,000015,Send to OPEN VTU-Ope,transfer,0324e8do7dc09,,
cust_demo,2024-06-11T16:58:45,150.0,debit,2646129421,Obinna Eze,First Bank of Nigeria,000016,Send to VICTORIA OLAYEMI ABIOYE,transfer,0324ccgj7df00,,
cust_demo,2024-06-11T12:27:10,227.0,debit,8839120976,Doubra Kalio,Zenith Bank Plc,000015,Send to OPEN VTU-Ope,transfer,0324bzvw7d203,,
cust_demo,2024-06-11T08:37:55,294.0,debit,,Matthew Okereke,Zenith Bank Plc,000015,Top up Airtime,airtime,1324bp9t86700,,
cust_demo,2024-06-10T20:56:12,400.0,debit,5916959629,Osayi Uwadia,PalmPay Limited,100033,Send to TOBI JEANNETTE LOKO,transfer,0324assa7dc02,,
cust_demo,2024-06-10T18:50:27,97.0,debit,,Rabiu Auwal,PalmPay Limited,100033,Top up Airtime,airtime,1324amyp86c00,,
cust_demo,2024-06-07T19:08:46,250.0,debit,5916959629,Osayi Uwadia,PalmPay Limited,100033,Send to TOBI JEANNETTE LOKO,transfer,032453t87e101,,
cust_demo,2024-06-04T14:31:37,200.0,debit,0661141481,Precious Eze,Union Bank,000018,Send to GANIYU OLUWASEYI DIYA,transfer,u323z6zb17600,,
cust_demo,2024-06-04T14:20:24,351.23,debit,4654015989,Damilola Ajayi,Zenith Bank Plc,000015,Send to OPEYEMI SAMUEL OLUWAGBEMIGA,transfer,0323z6gm7cd01,,
cust_demo,2024-06-02T17:47:16,200.0,debit,,Matthew Okereke,Zenith Bank Plc,000015,Buy Data bundle,data,623vqpe827016,,
cust_demo,2024-06-02T15:20:33,180.0,debit,4654015989,Damilola Ajayi,Zenith Bank Plc,000015,Send to OPEYEMI SAMUEL OLUWAGBEMIGA,transfer,0323vjwv7be05,,
cust_demo,2024-06-02T11:58:52,300.0,debit,,Matthew Okereke,Zenith Bank Plc,000015,Top up Airtime,airtime,1323vakq82500,,
cust_demo,2024-06-01T13:59:35,2500.0,debit,4654015989,Damilola Ajayi,Zenith Bank Plc,000015,Send to OPEYEMI SAMUEL OLUWAGBEMIGA,transfer,0323tlhx7b409,,
cust_demo,2024-06-01T10:38:00,242.0,debit,8839120976,Doubra Kalio,Zenith Bank Plc,000015,Send to OPEN VTU-Ope,transfer,0323tc5y7b502,,
cust_demo,2024-06-01T10:30:02,236.0,debit,8839120976,Doubra Kalio,Zenith Bank Plc,000015,Send to OPEN VTU-Ope,transfer,0323tbso7bf04,,
cust_demo,2024-05-29T15:25:09,246.0,debit,8839120976,Doubra Kalio,Zenith Bank Plc,000015,Send to OPEN VTU-Ope,transfer,0323o5gj7b403,,
cust_demo,2024-05-22T11:17:06,84.0,debit,4654015989,Damilola Ajayi,Zenith Bank Plc,000015,Send to OPEYEMI SAMUEL OLUWAGBEMIGA,transfer,0323avb47ae00,,
cust_demo,2024-05-16T06:43:34,600.0,debit,4714821941,Sani Usman,First Bank of Nigeria,000016,Betting Deposit,uncategorized,4722zen8248008,,
cust_demo,2024-05-16T06:42:29,45.0,debit,4654015989,Damilola Ajayi,Zenith Bank Plc,000015,Send to OPEYEMI SAMUEL OLUWAGBEMIGA,transfer,0322zelf78a02,,
cust_demo,2024-05-14T02:07:44,81.32,debit,4654015989,Damilola Ajayi,Zenith Bank Plc,000015,Send to OPEYEMI SAMUEL OLUWAGBEMIGA,transfer,0322vcji76302,,
cust_demo,2024-05-13T16:27:10,93.0,debit,4714821941,Sani Usman,First Bank of Nigeria,000016,Betting Deposit,uncategorized,4722ulnw245008,,
cust_demo,2024-05-07T20:07:41,90.0,debit,4714821941,Sani Usman,First Bank of Nigeria,000016,Betting Deposit,uncategorized,4722jrvf240018,,
cust_demo,2024-05-06T21:45:48,286.0,debit,8839120976,Doubra Kalio,Zenith Bank Plc,000015,Send to OPEN VTU-Ope,transfer,0322i1qy75a03,,
cust_demo,2024-05-05T14:41:20,1600.0,debit,5234433290,Obioma Ejiofor,Access Bank,000014,Send to Rapheal Chidinma Ofoke,transfer,0322fnfi42607,,
cust_demo,2024-05-04T19:42:19,400.0,debit,4714821941,Sani Usman,First Bank of Nigeria,000016,Betting Deposit,uncategorized,4722e6p5244008,,
cust_demo,2024-05-04T16:13:34,2000.0,credit,6973839540,Ayo Fagbemi,StanbicIBTC Bank,000012,Received from Flexi Cash,transfer,CAL22dx1762800,,
cust_demo,2024-05-03T20:23:30,100.0,debit,,Ivie Aghedo,StanbicIBTC Bank,000012,Top up Airtime,airtime,1322cdxs7a800,,
cust_demo,2024-05-03T01:03:31,42.0,debit,,Ivie Aghedo,StanbicIBTC Bank,000012,Buy Data bundle,data,622aw8h6ce006,,
cust_demo,2024-05-03T00:08:00,13.0,debit,,Ivie Aghedo,StanbicIBTC Bank,000012,Buy Data bundle,data,622atny78a006,,
cust_demo,2024-05-01T12:29:30,520.0,credit,3686131324,Sola Ogundipe,Ecobank Bank,000010,Interbank transfer,transfer,602282ns75501,,
cust_demo,2024-04-23T19:52:27,1600.0,debit,4654015989,Damilola Ajayi,Zenith Bank Plc,000015,Send to OPEYEMI SAMUEL OLUWAGBEMIGA,transfer,0321ttu16a10a,,
cust_demo,2024-04-22T21:02:45,450.0,debit,0076642484,Chiamaka Uche,StanbicIBTC Bank,000012,Send to Emeka Nwuzor,transfer,0321s2f773404,,
cust_demo,2024-04-22T12:47:49,246.0,debit,8839120976,Doubra Kalio,Zenith Bank Plc,000015,Send to OPEN VTU-Ope,transfer,0321rfib73502,,
cust_demo,2024-04-22T08:17:38,993.0,debit,,Matthew Okereke,Zenith Bank Plc,000015,Top up Airtime,airtime,1321r30056a02,,
cust_demo,2024-04-22T07:52:40,246.0,debit,8839120976,Doubra Kalio,Zenith Bank Plc,000015,Send to OPEN VTU-Ope,transfer,0321r1ue4c804,,
cust_demo,2024-04-20T13:42:57,100.0,debit,,Matthew Okereke,Zenith Bank Plc,000015,Buy Data bundle,data,621nsq75cc006,,
cust_demo,2024-04-19T11:39:29,298.0,debit,,Matthew Okereke,Zenith Bank Plc,000015,Buy Data bundle,data,621lscf786036,,
cust_demo,2024-04-18T12:59:24,88.0,debit,,Matthew Okereke,Zenith Bank Plc,000015,Buy Data bundle,data,621k1dm6e5006,,
cust_demo,2024-04-18T10:14:14,100.0,debit,,Matthew Okereke,Zenith Bank Plc,000015,Top up Airtime,airtime,1321jtqc56601,,
cust_demo,2024-04-18T09:31:01,746.0,debit,4654015989,Damilola Ajayi,Zenith Bank Plc,000015,Send to OPEYEMI SAMUEL OLUWAGBEMIGA,transfer,0321jrqb62f01,,
cust_demo,2024-04-16T13:30:14,166.0,debit,8839120976,Doubra Kalio,Zenith Bank Plc,000015,Send to OPEN VTU-Ope,transfer,0321gdh049303,,
cust_demo,2024-04-16T11:52:25,100.0,debit,8839120976,Doubra Kalio,Zenith Bank Plc,000015,Send to OPEN VTU-Ope,transfer,0321g8xz73000,,
cust_demo,2024-04-16T10:17:32,236.0,debit,8839120976,Doubra Kalio,Zenith Bank Plc,000015,Send to OPEN VTU-Ope,transfer,0321g4ju73200,,
cust_demo,2024-04-16T10:13:24,336.0,credit,3686131324,Sola Ogundipe,Ecobank Bank,000010,Interbank transfer,transfer,6021g4cy44f04,,
cust_demo,2024-04-14T13:12:28,1.0,debit,4714821941,Sani Usman,First Bank of Nigeria,000016,Betting Deposit,uncategorized,4721cnbe23f028,,
cust_demo,2024-04-14T12:08:12,88.0,debit,,Folake Adeyemi,First Bank of Nigeria,000016,Top up Airtime,airtime,1321ckca77b00,,
cust_demo,2024-04-05T14:03:31,95.0,debit,4654015989,Damilola Ajayi,Zenith Bank Plc,000015,Send to OPEYEMI SAMUEL OLUWAGBEMIGA,transfer,0320w1oh41705,,
cust_demo,2024-04-05T13:51:33,10.0,debit,8839120976,Doubra Kalio,Zenith Bank Plc,000015,Send to OPEN VTU-Ope,transfer,0320w14j41e03,,
cust_demo,2024-04-05T03:54:29,100.0,debit,,Matthew Okereke,Zenith Bank Plc,000015,Top up Airtime,airtime,1320v9hf76a00,,
cust_demo,2024-04-05T01:36:52,500.0,debit,8839120976,Doubra Kalio,Zenith Bank Plc,000015,Send to OPEN VTU-Ope,transfer,0320v3423e900,,
cust_demo,2024-03-25T10:24:05,1500.0,debit,4654015989,Damilola Ajayi,Zenith Bank Plc,000015,Send to OPEYEMI SAMUEL OLUWAGBEMIGA,transfer,0320be6r40d03,,
cust_demo,2024-03-25T09:58:16,1500.0,credit,3686131324,Sola Ogundipe,Ecobank Bank,000010,Interbank transfer,transfer,6020bczq59f04,,
cust_demo,2024-03-24T20:38:17,300.0,debit,8839120976,Doubra Kalio,Zenith Bank Plc,000015,Send to OPEN VTU-Ope,transfer,0320abyf70004,,
cust_demo,2024-03-24T12:40:29,90.0,debit,,Matthew Okereke,Zenith Bank Plc,000015,Top up Airtime,airtime,13209pu373800,,
cust_demo,2024-03-22T15:42:57,200.0,debit,5935142820,Umar Faruk,Zenith Bank Plc,000015,Send to DEGREEN FAIRY,transfer,032068y756605,,
cust_demo,2024-03-22T15:34:23,600.0,debit,0661141481,Precious Eze,Union Bank,000018,Send to GANIYU OLUWASEYI DIYA,transfer,u32068jx12900,,
cust_demo,2024-03-19T20:33:29,100.0,debit,8839120976,Doubra Kalio,Zenith Bank Plc,000015,Send to OPEN VTU-Ope,transfer,032012ef5ac06,,
cust_demo,2024-03-19T20:32:21,500.0,debit,2902169671,Gbenga Alabi,Wema Bank,000017,Send to CELESTIAL CHURCH OF CHRIST PARISH UNILAG,transfer,032012cj6e700,,
cust_demo,2024-03-19T14:27:05,550.0,credit,3686131324,Sola Ogundipe,Ecobank Bank,000010,Interbank transfer,transfer,60200lfr6ed02,,
cust_demo,2024-03-13T18:47:55,500.0,debit,,Tunde Bakare,Ecobank Bank,000010,Buy Data bundle,data,61zptih724006,,
cust_demo,2024-03-13T18:30:24,57.0,debit,4654015989,Damilola Ajayi,Zenith Bank Plc,000015,Send to OPEYEMI SAMUEL OLUWAGBEMIGA,transfer,031zpspa6da04,,
cust_demo,2024-03-13T18:29:52,50.0,debit,9435754626,Chinwe Okpara,Kuda Microfinance Bank,090267,CashBox Save,uncategorized,t51zpsoe40c04,,
cust_demo,2024-03-13T07:56:13,50.0,debit,8839120976,Doubra Kalio,Zenith Bank Plc,000015,Send to OPEN VTU-Ope,transfer,031zozcb6d302,,
cust_demo,2024-03-13T07:55:13,100.0,credit,3686131324,Sola Ogundipe,Ecobank Bank,000010,Interbank transfer,transfer,601zozan6d901,,
cust_demo,2024-03-12T16:10:55,7000.0,debit,1130289921,Kayode Ilori,GTBank Plc,000013,Send to OLUWATOSIN  FAITH JOEL,transfer,031znrkt53503,,
cust_demo,2024-03-12T16:08:45,100.0,debit,9435754626,Chinwe Okpara,Kuda Microfinance Bank,090267,CashBox Save,uncategorized,t51znrh72ce04,,
cust_demo,2024-03-11T17:40:20,400.0,debit,3389198337,Blessing Okoro,Zenith Bank Plc,000015,Send to ADEBAYO ABIMBOLA OMOBOSOYE,transfer,031zm11u4af01,,
cust_demo,2024-03-11T17:35:52,300.0,debit,3096560176,Toyin Oyewole,United Bank for Africa,000004,Send to FALILAT OLUREMI ODEKUNLE,transfer,u31zm0ue11f01,,
cust_demo,2024-02-29T15:16:27,500.0,debit,4654015989,Damilola Ajayi,Zenith Bank Plc,000015,Send to OPEYEMI SAMUEL OLUWAGBEMIGA,transfer,031z1h216a500,,
cust_demo,2024-02-28T19:46:15,400.0,debit,0364303694,Femi Sowande,United Bank for Africa,000004,Send to IFEOMA ASHLEY OSHODI,transfer,u31yzyvp11f00,,
cust_demo,2024-02-28T19:46:27,1.0,credit,4569220939,Sani Usman,Zenith Bank Plc,000015,Cash Reward,uncategorized,LS1yzyw033f08,,
cust_demo,2024-02-27T10:42:46,7000.0,credit,3686131324,Sola Ogundipe,Ecobank Bank,000010,Interbank transfer,transfer,601yxf1w53a03,,
cust_demo,2024-02-15T17:06:09,179.0,debit,,Tunde Bakare,Ecobank Bank,000010,Buy Data bundle,data,61ybosv64d006,,
cust_demo,2024-02-09T11:56:49,500.0,debit,,Tunde Bakare,Ecobank Bank,000010,Top up Airtime,airtime,131y06hb6f400,,
cust_demo,2024-02-08T00:22:44,19.0,debit,,Tunde Bakare,Ecobank Bank,000010,Buy Data bundle,data,61xxfoi57e006,,
cust_demo,2024-02-07T22:30:49,80.0,debit,4654015989,Damilola Ajayi,Zenith Bank Plc,000015,Send to OPEYEMI SAMUEL OLUWAGBEMIGA,transfer,031xxahz69a00,,
cust_demo,2024-02-07T21:59:46,100.0,debit,4654015989,Damilola Ajayi,Zenith Bank Plc,000015,Send to OPEYEMI SAMUEL OLUWAGBEMIGA,transfer,031xx92855809,,
cust_demo,2024-02-07T16:46:41,94.0,debit,,Matthew Okereke,Zenith Bank Plc,000015,Top up Airtime,airtime,131xwukf64d02,,
cust_demo,2024-02-06T10:03:03,600.0,debit,4654015989,Damilola Ajayi,Zenith Bank Plc,000015,Send to OPEYEMI SAMUEL OLUWAGBEMIGA,transfer,031xuh7p69601,,
cust_demo,2024-02-06T10:00:50,120.0,debit,4654015989,Damilola Ajayi,Zenith Bank Plc,000015,Send to OPEYEMI SAMUEL OLUWAGBEMIGA,transfer,031xuh4069901,,
cust_demo,2024-02-06T09:43:47,600.0,debit,5491216147,Idris Kabir,Sterling Bank,000001,Send to AFOLAKE TITILOLA SOJONWO,transfer,031xugbl69a03,,
cust_demo,2024-02-05T21:46:52,1500.0,debit,2288488635,Toyin Oyewole,GTBank Plc,000013,Send to MARY NKEM OSAJI,transfer,031xtj4q68f00,,
cust_demo,2024-02-05T21:43:28,1650.0,debit,0753856355,Aisha Bello,Union Bank,000018,Send to TOCHUKWU JOSHUA BENEDICT,transfer,031xtiz269403,,
cust_demo,2024-02-05T21:22:29,600.0,debit,5916959629,Osayi Uwadia,PalmPay Limited,100033,Send to TOBI JEANNETTE LOKO,transfer,031xti0369a00,,
cust_demo,2024-02-05T07:37:25,600.0,debit,5557553586,Jamila Aliyu,GTBank Plc,000013,Send to OLUFUNMILAYO AKINLEYE  SONAIKE,transfer,031xsfsz55800,,
cust_demo,2024-02-03T17:58:27,6000.0,credit,5999370236,Amaka Chukwu,Fidelity Bank,000007,Received from POCKET - APP,transfer,s7M17538252629000273,,
cust_demo,2024-01-31T14:04:07,77.0,debit,,Ronke Fagbenle,Fidelity Bank,000007,Top up Airtime,airtime,131xjodh51900,,
cust_demo,2024-01-29T15:55:44,100.0,debit,4654015989,Damilola Ajayi,Zenith Bank Plc,000015,Send to OPEYEMI SAMUEL OLUWAGBEMIGA,transfer,031xg47i68a03,,
cust_demo,2024-01-27T08:25:33,2200.0,debit,4654015989,Damilola Ajayi,Zenith Bank Plc,000015,Send to OPEYEMI SAMUEL OLUWAGBEMIGA,transfer,031xbu1747501,,
cust_demo,2024-01-25T10:37:43,350.0,debit,,Matthew Okereke,Zenith Bank Plc,000015,Buy Data bundle,data,61x8ath550006,,
cust_demo,2024-01-25T07:54:01,350.0,debit,,Matthew Okereke,Zenith Bank Plc,000015,Buy Data bundle,data,61x838n6c0006,,
cust_demo,2024-01-25T07:41:13,500.0,debit,,Matthew Okereke,Zenith Bank Plc,000015,Buy Data bundle,data,61x82nb6b8026,,
cust_demo,2024-01-24T17:30:44,3000.0,credit,3686131324,Sola Ogundipe,Ecobank Bank,000010,Interbank transfer,transfer,601x6z9u67e05,,
cust_demo,2024-01-19T00:35:50,55.0,debit,4654015989,Damilola Ajayi,Zenith Bank Plc,000015,Send to OPEYEMI SAMUEL OLUWAGBEMIGA,transfer,031wweyc67500,,
cust_demo,2024-01-14T20:09:31,100.0,debit,,Matthew Okereke,Zenith Bank Plc,000015,Top up Airtime,airtime,131wonyh68404,,
cust_demo,2024-01-13T22:30:14,56.0,debit,4654015989,Damilola Ajayi,Zenith Bank Plc,000015,Send to OPEYEMI SAMUEL OLUWAGBEMIGA,transfer,031wmzt043303,,
cust_demo,2024-01-13T22:29:17,56.0,credit,7767025037,Hauwa Yakubu,Sterling Bank,000001,CashBox Withdraw,uncategorized,t61wmzrf39e00,,
cust_demo,2024-01-13T22:21:24,45.0,debit,4654015989,Damilola Ajayi,Zenith Bank Plc,000015,Send to OPEYEMI SAMUEL OLUWAGBEMIGA,transfer,031wmzea4cd01,,
cust_demo,2024-01-12T23:58:17,578.13,debit,6586587725,Zulaihat Ahmed,First Bank of Nigeria,000016,Send to Remita Checkout,transfer,031wl97r66a01,,
cust_demo,2024-01-12T18:42:21,6000.0,debit,8769018263,Obinna Eze,Kuda Microfinance Bank,090267,Send to ALATILEHIN IBRAHIM,transfer,031wkul743302,,
cust_demo,2024-01-06T18:43:39,5000.0,credit,3686131324,Sola Ogundipe,Ecobank Bank,000010,Interbank transfer,transfer,601w9qnd64a00,,
cust_demo,2023-12-19T19:32:44,120.0,debit,4654015989,Damilola Ajayi,Zenith Bank Plc,000015,Send to OPEYEMI SAMUEL OLUWAGBEMIGA,transfer,031vcgx65f509,,
cust_demo,2023-11-01T21:06:05,5000.0,debit,8300766985,Uche Okonkwo,Paycom(Opay),100004,Send to 1900455051_ZOTAPAY_5069 5160,transfer,031svp8r3da05,,
cust_demo,2023-11-01T19:18:39,1580.0,debit,2025949776,Chinwe Okpara,Ecobank Bank,000010,Send to Ifeoluwa Oluwagbemiga,transfer,031svk9p42001,,
cust_demo,2023-11-01T11:50:57,44500.0,debit,3948385108,Precious Eze,PalmPay Limited,100033,Send to princess  Simeon,transfer,031suzjj50002,,
cust_demo,2023-10-29T17:44:57,8000.0,debit,3550490245,Ifeoma Nnamdi,Sterling Bank,000001,Send to 1897060193_ZOTAPAY_5052 8285,transfer,031spvxj3fa08,,
cust_demo,2023-10-29T09:26:48,1000.0,debit,4654015989,Damilola Ajayi,Zenith Bank Plc,000015,Send to OPEYEMI SAMUEL OLUWAGBEMIGA,transfer,031sp8va4d501,,
cust_demo,2023-10-28T17:04:05,400.0,debit,9426773137,Yemi Owolabi,First Bank of Nigeria,000016,Send to EmmyBest,transfer,031snzdf4cc07,,
cust_demo,2023-10-28T16:54:44,100.0,debit,8034031391,Toyin Oyewole,PalmPay Limited,100033,Send to MFY / CORALPAY NextGen PG,transfer,031snyxu4cd01,,
cust_demo,2023-10-27T14:06:12,2000.0,debit,9644855044,Yinka Balogun,Fidelity Bank,000007,Send to ESTHER ODION OKEY,transfer,031slwgy44206,,
cust_demo,2023-10-27T12:53:29,94.0,debit,,Ronke Fagbenle,Fidelity Bank,000007,Top up Airtime,airtime,131slt3r52001,,
cust_demo,2023-10-26T20:46:37,420.0,debit,4654015989,Damilola Ajayi,Zenith Bank Plc,000015,Send to OPEYEMI SAMUEL OLUWAGBEMIGA,transfer,031skkcb4c402,,
cust_demo,2023-10-25T22:39:28,1.0,debit,4714821941,Sani Usman,First Bank of Nigeria,000016,Betting Deposit,uncategorized,471siuwe16e018,,
cust_demo,2023-10-25T15:54:51,188.0,debit,,Folake Adeyemi,First Bank of Nigeria,000016,Top up Airtime,airtime,131sic6150a00,,
cust_demo,2023-10-25T14:30:40,1000.0,debit,4654015989,Damilola Ajayi,Zenith Bank Plc,000015,Send to OPEYEMI SAMUEL OLUWAGBEMIGA,transfer,031si89q3db00,,
cust_demo,2023-10-25T12:24:52,270.0,debit,4654015989,Damilola Ajayi,Zenith Bank Plc,000015,Send to OPEYEMI SAMUEL OLUWAGBEMIGA,transfer,031si2g24a801,,
cust_demo,2023-10-24T20:13:10,1900.0,credit,3686131324,Sola Ogundipe,Ecobank Bank,000010,Interbank transfer,transfer,601sgtgk3f401,,
cust_demo,2023-10-24T15:09:03,2000.0,debit,4654015989,Damilola Ajayi,Zenith Bank Plc,000015,Send to OPEYEMI SAMUEL OLUWAGBEMIGA,transfer,031sgfdp4b807,,
cust_demo,2023-10-24T10:25:42,578.13,debit,6586587725,Zulaihat Ahmed,First Bank of Nigeria,000016,Send to Remita Checkout,transfer,031sg29g3f401,,
cust_demo,2023-10-24T08:59:00,2100.0,debit,9336832707,Ejike Anozie,Sterling Bank,000001,Send to KAFAYAT OLANIKE WASIU,transfer,031sfy8y3db03,,
cust_demo,2023-10-23T15:49:27,100.0,debit,,Richard Aliyu,Sterling Bank,000001,Top up Airtime,airtime,131seml14ff00,,
cust_demo,2023-10-23T15:46:00,4000.0,debit,2025949776,Chinwe Okpara,Ecobank Bank,000010,Send to Ifeoluwa Oluwagbemiga,transfer,031semfa4b601,,
cust_demo,2023-10-22T15:58:05,1100.0,debit,4654015989,Damilola Ajayi,Zenith Bank Plc,000015,Send to OPEYEMI SAMUEL OLUWAGBEMIGA,transfer,031scsbf4b600,,
cust_demo,2023-10-22T15:57:25,100.0,debit,2025949776,Chinwe Okpara,Ecobank Bank,000010,Send to Ifeoluwa Oluwagbemiga,transfer,031scsab4a800,,
cust_demo,2023-10-20T14:47:20,1000.0,debit,4980618930,Christiana Musa,Zenith Bank Plc,000015,Send to OLUWAGBEMIGA OPEYEMI SAMUEL,transfer,031s8zpi40a05,,
cust_demo,2023-10-19T19:18:11,650.0,debit,2025949776,Chinwe Okpara,Ecobank Bank,000010,Send to Ifeoluwa Oluwagbemiga,transfer,031s7hkx3db02,,
cust_demo,2023-10-19T10:32:26,5000.0,debit,3776076833,Doubra Kalio,Fidelity Bank,000007,Send to 1887287351_ZOTAPAY_5007 7004,transfer,031s6t8o4b704,,
cust_demo,2023-10-17T18:53:39,4380.0,debit,4980618930,Christiana Musa,Zenith Bank Plc,000015,Send to OLUWAGBEMIGA OPEYEMI SAMUEL,transfer,031s3r414ab0b,,
cust_demo,2023-10-16T19:58:54,5000.0,debit,0975606479,Ngozi Eze,United Bank for Africa,000004,Send to 1884762674_ZOTAPAY_4991 7078,transfer,031s1zgs4a004,,
cust_demo,2023-10-14T09:52:42,5000.0,credit,3686131324,Sola Ogundipe,Ecobank Bank,000010,Interbank transfer,transfer,601rxi2g4a102,,
cust_demo,2023-10-14T09:49:41,5000.0,debit,0228284964,Daniel Ogunleye,Sterling Bank,000001,Send to JOSEPH SUNDAY DAVID,transfer,031rxhxf4a100,,
cust_demo,2023-10-14T09:44:06,25000.78,debit,9435754626,Chinwe Okpara,Kuda Microfinance Bank,090267,CashBox Save,uncategorized,t51rxho425d01,,
cust_demo,2023-10-14T09:35:35,25000.0,credit,3686131324,Sola Ogundipe,Ecobank Bank,000010,Interbank transfer,transfer,601rxh9x4a300,,
cust_demo,2023-09-13T07:01:14,100.0,debit,,Tunde Bakare,Ecobank Bank,000010,Top up Airtime,airtime,131qbvgo48900,,
cust_demo,2023-09-12T17:16:48,1100.0,credit,3686131324,Sola Ogundipe,Ecobank Bank,000010,Interbank transfer,transfer,601qatam3ff07,,
cust_demo,2023-09-06T15:12:19,4000.0,debit,3296261694,Amina Suleiman,Union Bank,000018,Send to Remita Checkout -,transfer,031pzjj53cd01,,
cust_demo,2023-09-06T15:11:33,4000.0,credit,3686131324,Sola Ogundipe,Ecobank Bank,000010,Interbank transfer,transfer,601pzjhv30200,,
cust_demo,2023-09-06T10:40:32,1500.0,debit,4654015989,Damilola Ajayi,Zenith Bank Plc,000015,Send to OPEYEMI SAMUEL OLUWAGBEMIGA,transfer,031pz6y63ce03,,
cust_demo,2023-09-05T20:58:57,1500.0,credit,6671423745,Efosa Idahosa,PalmPay Limited,100033,Received from Rasheed olamilekan,transfer,031py4wv2cc01,,
cust_demo,2023-09-04T17:15:47,5000.0,debit,9604199216,Blessing Okoro,Access Bank,000014,Send to Adebayo Ezekiel Abiodun,transfer,031pvzwx3c404,,
cust_demo,2023-09-04T17:12:23,5000.0,credit,3686131324,Sola Ogundipe,Ecobank Bank,000010,Interbank transfer,transfer,601pvzr93ca00,,
cust_demo,2023-09-03T23:14:21,370.0,debit,4654015989,Damilola Ajayi,Zenith Bank Plc,000015,Send to OPEYEMI SAMUEL OLUWAGBEMIGA,transfer,031puluj3c102,,
cust_demo,2023-09-03T23:10:41,8600.0,debit,9604199216,Blessing Okoro,Access Bank,000014,Send to Adebayo Ezekiel Abiodun,transfer,031pulof3c000,,
cust_demo,2023-09-03T23:09:10,14500.0,debit,4980618930,Christiana Musa,Zenith Bank Plc,000015,Send to OLUWAGBEMIGA OPEYEMI SAMUEL,transfer,031pullw3bb01,,
cust_demo,2023-09-03T08:21:31,5000.0,credit,3686131324,Sola Ogundipe,Ecobank Bank,000010,Interbank transfer,transfer,601ptgih3b301,,
cust_demo,2023-09-03T08:02:03,3100.0,credit,2451550495,Tayo Akinyemi,Paycom(Opay),100004,Refund - Money Transfer,uncategorized,501ptfm16b01,,
cust_demo,2023-09-02T21:47:17,100.0,debit,,Hadiza Mohammed,Paycom(Opay),100004,Buy Data bundle,data,61psn5f2e9056,,
cust_demo,2023-09-02T19:10:13,3100.0,credit,3686131324,Sola Ogundipe,Ecobank Bank,000010,Interbank transfer,transfer,601psfvn3be04,,
cust_demo,2023-09-02T18:25:25,550.0,debit,6380616926,Musa Ibrahim,United Bank for Africa,000004,Send to SAMUEL ikenwa IKENWA,transfer,031psdsz3bf02,,
cust_demo,2023-09-02T17:19:45,3000.0,debit,4729869452,Ovie Erhabor,Ecobank Bank,000010,Send to KAREEM MAHMOUD ADEBISI,transfer,031psarj3ba05,,
cust_demo,2023-09-02T17:15:03,4600.0,debit,9604199216,Blessing Okoro,Access Bank,000014,Send to Adebayo Ezekiel Abiodun,transfer,031psajp3bc00,,
cust_demo,2023-09-02T17:13:10,23600.0,credit,3686131324,Sola Ogundipe,Ecobank Bank,000010,Interbank transfer,transfer,601psagk3c207,,
cust_demo,2023-08-30T08:54:57,8000.0,debit,9604199216,Blessing Okoro,Access Bank,000014,Send to Adebayo Ezekiel Abiodun,transfer,031pm3e73b402,,
cust_demo,2023-08-30T04:15:37,8000.0,credit,3686131324,Sola Ogundipe,Ecobank Bank,000010,Interbank transfer,transfer,601plqgn3a900,,
cust_demo,2023-08-29T20:17:21,130.0,debit,9604199216,Blessing Okoro,Access Bank,000014,Send to Adebayo Ezekiel Abiodun,transfer,031pl4bj2e206,,
cust_demo,2023-08-29T20:16:30,120.0,debit,4980618930,Christiana Musa,Zenith Bank Plc,000015,Send to OLUWAGBEMIGA OPEYEMI SAMUEL,transfer,031pl4a43a804,,
cust_demo,2023-08-29T19:31:37,2500.0,debit,9604199216,Blessing Okoro,Access Bank,000014,Send to Adebayo Ezekiel Abiodun,transfer,031pl27b3a803,,
cust_demo,2023-08-29T19:30:18,2500.0,credit,3686131324,Sola Ogundipe,Ecobank Bank,000010,Interbank transfer,transfer,601pl2543ad06,,
cust_demo,2023-08-29T14:48:35,250.0,credit,3686131324,Sola Ogundipe,Ecobank Bank,000010,Interbank transfer,transfer,601pkp3l3af05,,
cust_demo,2023-08-25T12:03:11,5000.0,debit,9604199216,Blessing Okoro,Access Bank,000014,Send to Adebayo Ezekiel Abiodun,transfer,031pd2rx3a004,,
cust_demo,2023-08-25T12:01:52,5000.0,credit,3686131324,Sola Ogundipe,Ecobank Bank,000010,Interbank transfer,transfer,601pd2pq36d02,,
cust_demo,2023-08-25T08:52:47,500.0,debit,4654015989,Damilola Ajayi,Zenith Bank Plc,000015,Send to OPEYEMI SAMUEL OLUWAGBEMIGA,transfer,031pctyl39f00,,
cust_demo,2023-08-23T17:31:24,1000.0,credit,3686131324,Sola Ogundipe,Ecobank Bank,000010,Interbank transfer,transfer,601p9smy39702,,
cust_demo,2023-08-14T12:55:28,1000.0,debit,8301416644,Kayode Ilori,First Bank of Nigeria,000016,Send to Taibat  Hameed,transfer,031osrv239f00,,
cust_demo,2023-08-14T08:57:29,600.0,credit,3686131324,Sola Ogundipe,Ecobank Bank,000010,Interbank transfer,transfer,601osguf2e805,,
cust_demo,2023-08-14T08:33:43,500.0,debit,8018496186,Favour Ogbonna,Union Bank,000018,Electricity,uncategorized,11osfqt11c001,,
cust_demo,2023-08-14T08:32:09,495.0,credit,7870921206,Vincent Danjuma,Kuda Microfinance Bank,090267,Refund - Electricity,uncategorized,501osfo76600,,
cust_demo,2023-08-14T08:31:32,495.0,debit,8018496186,Favour Ogbonna,Union Bank,000018,Electricity,uncategorized,11osfn6460031,,
cust_demo,2023-08-14T08:29:15,100.0,credit,3686131324,Sola Ogundipe,Ecobank Bank,000010,Interbank transfer,transfer,601osfjd39f04,,
cust_demo,2023-08-11T08:54:03,5000.0,debit,4654015989,Damilola Ajayi,Zenith Bank Plc,000015,Send to OPEYEMI SAMUEL OLUWAGBEMIGA,transfer,031omwop30f02,,
cust_demo,2023-08-09T17:30:23,100.0,debit,9604199216,Blessing Okoro,Access Bank,000014,Send to Adebayo Ezekiel Abiodun,transfer,031ojv9933a00,,
cust_demo,2023-08-05T17:20:45,2000.0,debit,9604199216,Blessing Okoro,Access Bank,000014,Send to Adebayo Ezekiel Abiodun,transfer,031ocg5717a04,,
cust_demo,2023-08-04T11:31:05,5100.0,debit,9604199216,Blessing Okoro,Access Bank,000014,Send to Adebayo Ezekiel Abiodun,transfer,031oa5af2970a,,
cust_demo,2023-08-04T11:27:45,5100.0,credit,3686131324,Sola Ogundipe,Ecobank Bank,000010,Interbank transfer,transfer,601oa54v38902,,
cust_demo,2023-08-01T20:39:39,7500.0,credit,3686131324,Sola Ogundipe,Ecobank Bank,000010,Interbank transfer,transfer,601o5aop38402,,
cust_demo,2023-07-28T16:45:48,2000.0,debit,9604199216,Blessing Okoro,Access Bank,000014,Send to Adebayo Ezekiel Abiodun,transfer,031nxl6y1e901,,
cust_demo,2023-07-28T16:39:06,2000.0,credit,3686131324,Sola Ogundipe,Ecobank Bank,000010,Interbank transfer,transfer,601nxkvs36805,,
cust_demo,2023-07-24T13:33:05,2000.0,debit,9604199216,Blessing Okoro,Access Bank,000014,Send to Adebayo Ezekiel Abiodun,transfer,031npxlr34305,,
cust_demo,2023-07-24T12:24:44,2000.0,credit,3686131324,Sola Ogundipe,Ecobank Bank,000010,Interbank transfer,transfer,601npufu35902,,
cust_demo,2023-07-21T17:18:20,2260.0,debit,4654015989,Damilola Ajayi,Zenith Bank Plc,000015,Send to OPEYEMI SAMUEL OLUWAGBEMIGA,transfer,031nko1635008,,
cust_demo,2023-07-20T11:04:42,2000.0,credit,3686131324,Sola Ogundipe,Ecobank Bank,000010,Interbank transfer,transfer,601nic2g21f02,,
cust_demo,2023-07-18T10:49:54,200.0,credit,3686131324,Sola Ogundipe,Ecobank Bank,000010,Interbank transfer,transfer,601nem1s33a03,,
cust_demo,2023-07-18T06:50:14,1900.0,debit,4654015989,Damilola Ajayi,Zenith Bank Plc,000015,Send to OPEYEMI SAMUEL OLUWAGBEMIGA,transfer,031neayc33206,,
cust_demo,2023-07-17T17:38:48,800.0,debit,9604199216,Blessing Okoro,Access Bank,000014,Send to Adebayo Ezekiel Abiodun,transfer,031ndaba33504,,
cust_demo,2023-07-17T17:37:40,2000.0,credit,3686131324,Sola Ogundipe,Ecobank Bank,000010,Interbank transfer,transfer,601nda9e33402,,
cust_demo,2023-07-15T17:45:43,3100.0,debit,6233147315,Halima Musa,GTBank Plc,000013,Send to SHOLA DAVID SHORUNGBE,transfer,031n9lat32603,,
cust_demo,2023-07-15T17:35:24,6000.0,debit,1676416017,Adaobi Umeh,Sterling Bank,000001,Send to JEREMIAH MADUKA GODWIN,transfer,031n9ktm25e03,,
cust_demo,2023-07-15T17:34:05,10000.0,credit,3686131324,Sola Ogundipe,Ecobank Bank,000010,Interbank transfer,transfer,601n9krf32002,,
cust_demo,2023-07-13T19:37:24,450.0,debit,8928749463,Favour Ogbonna,United Bank for Africa,000004,Send to OLUWASANMI MONISOLA ADEOYE,transfer,031n614y32504,,
cust_demo,2023-07-11T15:52:48,5100.0,debit,9604199216,Blessing Okoro,Access Bank,000014,Send to Adebayo Ezekiel Abiodun,transfer,031n21em31500,,
cust_demo,2023-07-11T15:51:02,5100.0,credit,3686131324,Sola Ogundipe,Ecobank Bank,000010,Interbank transfer,transfer,601n21bo31902,,
cust_demo,2023-07-11T13:31:14,1300.0,debit,9604199216,Blessing Okoro,Access Bank,000014,Send to Adebayo Ezekiel Abiodun,transfer,031n1uuo31704,,
cust_demo,2023-07-11T13:22:56,1100.0,credit,3369280602,Isah Shehu,StanbicIBTC Bank,000012,Received from MarkDestiny Okenna,transfer,031n1ugua702,,
cust_demo,2023-07-11T12:41:42,200.0,credit,3369280602,Isah Shehu,StanbicIBTC Bank,000012,Received from MarkDestiny Okenna,transfer,031n1sk423500,,
cust_demo,2023-07-10T15:02:02,200.0,credit,3686131324,Sola Ogundipe,Ecobank Bank,000010,Interbank transfer,transfer,601n04e031004,,
cust_demo,2023-07-10T07:28:52,95.0,debit,,Tunde Bakare,Ecobank Bank,000010,Buy Data bundle,data,61mzjeq418016,,
cust_demo,2023-07-10T07:25:37,100.0,credit,3686131324,Sola Ogundipe,Ecobank Bank,000010,Interbank transfer,transfer,601mzj9b30e03,,
cust_demo,2023-07-05T22:18:32,100.0,debit,,Tunde Bakare,Ecobank Bank,000010,Buy Data bundle,data,61mrf9i40e006,,
cust_demo,2023-07-05T22:16:56,200.0,credit,3686131324,Sola Ogundipe,Ecobank Bank,000010,Interbank transfer,transfer,601mrf6u30104,,
cust_demo,2023-07-04T09:16:44,2700.0,debit,4654015989,Damilola Ajayi,Zenith Bank Plc,000015,Send to OPEYEMI SAMUEL OLUWAGBEMIGA,transfer,031mokei2f700,,
cust_demo,2023-07-04T09:04:33,2700.0,credit,3686131324,Sola Ogundipe,Ecobank Bank,000010,Interbank transfer,transfer,601moju72f902,,
cust_demo,2023-06-24T12:34:25,900.0,debit,9604199216,Blessing Okoro,Access Bank,000014,Send to Adebayo Ezekiel Abiodun,transfer,031m6avz2d703,,
cust_demo,2023-06-24T09:49:40,892.14,credit,3686131324,Sola Ogundipe,Ecobank Bank,000010,Interbank transfer,transfer,601m639e1403,,
cust_demo,2023-05-29T20:16:43,40.0,debit,4980618930,Christiana Musa,Zenith Bank Plc,000015,Send to OLUWAGBEMIGA OPEYEMI SAMUEL,transfer,031kuqyh1dc08,,
cust_demo,2023-05-27T10:19:45,53.0,debit,,Matthew Okereke,Zenith Bank Plc,000015,Buy Data bundle,data,61kq9zj182006,,
cust_demo,2023-05-27T10:17:40,100.0,credit,4654015989,Damilola Ajayi,Zenith Bank Plc,000015,Received from OPEYEMI SAMUEL OLUWAGBEMIGA,transfer,s7230527091734992108,,
cust_demo,2023-05-25T20:01:11,40.0,debit,4654015989,Damilola Ajayi,Zenith Bank Plc,000015,Send to OPEYEMI SAMUEL OLUWAGBEMIGA,transfer,031knbkl17a05,,
cust_demo,2023-05-25T09:01:30,400.0,debit,4654015989,Damilola Ajayi,Zenith Bank Plc,000015,Send to OPEYEMI SAMUEL OLUWAGBEMIGA,transfer,031kmh1417a01,,
cust_demo,2023-05-25T08:38:25,500.0,credit,9696323635,Tayo Akinyemi,Wema Bank,000017,Received from John,transfer,031kmfyn26a00,,
cust_demo,2023-05-20T18:08:19,5100.0,debit,9604199216,Blessing Okoro,Access Bank,000014,Send to Adebayo Ezekiel Abiodun,transfer,031kdx0h25906,,
cust_demo,2023-05-20T18:03:33,5100.0,credit,2109931231,Anthony Okoye,First Bank of Nigeria,000016,Received from OLUWATOYIN ESTHER OLAYINKA,transfer,s7230520170328023871,,
cust_demo,2023-05-15T20:13:08,52.0,debit,4654015989,Damilola Ajayi,Zenith Bank Plc,000015,Send to OPEYEMI SAMUEL OLUWAGBEMIGA,transfer,031k4tgi24000,,
cust_demo,2023-05-12T14:19:11,150.0,debit,4654015989,Damilola Ajayi,Zenith Bank Plc,000015,Send to OPEYEMI SAMUEL OLUWAGBEMIGA,transfer,031jyt2l24203,,
cust_demo,2023-05-12T14:16:34,40.0,debit,,Matthew Okereke,Zenith Bank Plc,000015,Top up Airtime,airtime,131jysy839301,,
cust_demo,2023-05-12T14:14:40,200.0,credit,4654015989,Damilola Ajayi,Zenith Bank Plc,000015,Received from OPEYEMI SAMUEL OLUWAGBEMIGA,transfer,s7230512131434415573,,
cust_demo,2023-05-11T12:02:28,500.0,debit,9604199216,Blessing Okoro,Access Bank,000014,Send to Adebayo Ezekiel Abiodun,transfer,031jws2q24302,,
cust_demo,2023-05-11T12:01:29,500.0,credit,3686131324,Sola Ogundipe,Ecobank Bank,000010,Interbank transfer,transfer,601jws1324203,,
cust_demo,2023-05-10T12:18:12,190.0,debit,4654015989,Damilola Ajayi,Zenith Bank Plc,000015,Send to OPEYEMI SAMUEL OLUWAGBEMIGA,transfer,031juy4y23609,,
cust_demo,2023-05-09T19:27:27,403.6,debit,8928749463,Favour Ogbonna,United Bank for Africa,000004,Send to OLUWASANMI MONISOLA ADEOYE,transfer,031jtncd22e01,,
cust_demo,2023-05-09T18:21:48,1600.0,debit,4654015989,Damilola Ajayi,Zenith Bank Plc,000015,Send to OPEYEMI SAMUEL OLUWAGBEMIGA,transfer,031jtkay13003,,
cust_demo,2023-05-09T13:29:50,10000.0,debit,9644855044,Yinka Balogun,Fidelity Bank,000007,Send to ESTHER ODION OKEY,transfer,031jt6sc22c04,,
cust_demo,2023-05-09T13:28:42,8000.0,credit,4654015989,Damilola Ajayi,Zenith Bank Plc,000015,Received from OPEYEMI SAMUEL OLUWAGBEMIGA,transfer,s7230509122836750276,,
cust_demo,2023-05-09T10:10:05,1700.0,debit,4654015989,Damilola Ajayi,Zenith Bank Plc,000015,Send to OPEYEMI SAMUEL OLUWAGBEMIGA,transfer,031jsxjf22e02,,
cust_demo,2023-05-08T17:41:52,3000.0,debit,4654015989,Damilola Ajayi,Zenith Bank Plc,000015,Send to OPEYEMI SAMUEL OLUWAGBEMIGA,transfer,031jrnse13000,,
cust_demo,2023-05-08T17:03:25,1000.0,debit,,Matthew Okereke,Zenith Bank Plc,000015,Buy Data bundle,data,61jrm0b57016,,
cust_demo,2023-05-08T15:57:30,50.0,debit,4654015989,Damilola Ajayi,Zenith Bank Plc,000015,Send to OPEYEMI SAMUEL OLUWAGBEMIGA,transfer,031jriyg22c03,,
cust_demo,2023-05-08T15:48:35,5439.21,credit,7767025037,Hauwa Yakubu,Sterling Bank,000001,CashBox Withdraw,uncategorized,t61jrijle500,,
cust_demo,2023-05-08T15:38:19,607.0,credit,4654015989,Damilola Ajayi,Zenith Bank Plc,000015,Received from OPEYEMI SAMUEL OLUWAGBEMIGA,transfer,s7230508143814514546,,
cust_demo,2023-05-08T15:18:14,5150.0,debit,9644855044,Yinka Balogun,Fidelity Bank,000007,Send to ESTHER ODION OKEY,transfer,031jrh5022b04,,
cust_demo,2023-05-05T18:43:31,1600.0,debit,4654015989,Damilola Ajayi,Zenith Bank Plc,000015,Send to OPEYEMI SAMUEL OLUWAGBEMIGA,transfer,031jm6n522704,,
cust_demo,2023-05-03T18:54:43,650.0,debit,9604199216,Blessing Okoro,Access Bank,000014,Send to Adebayo Ezekiel Abiodun,transfer,031jihtt21b00,,
cust_demo,2023-05-03T17:19:13,5500.0,credit,3686131324,Sola Ogundipe,Ecobank Bank,000010,Interbank transfer,transfer,60230503161913986877,,
cust_demo,2023-05-03T16:59:47,5500.0,debit,8018496186,Favour Ogbonna,Union Bank,000018,Electricity,uncategorized,11jici9372001,,
cust_demo,2023-05-03T11:41:40,2000.0,debit,9604199216,Blessing Okoro,Access Bank,000014,Send to Adebayo Ezekiel Abiodun,transfer,031jhxs221001,,
cust_demo,2023-05-03T11:39:00,2000.0,credit,3686131324,Sola Ogundipe,Ecobank Bank,000010,Interbank transfer,transfer,60230503103900274563,,
cust_demo,2023-05-03T09:20:43,11300.0,debit,9435754626,Chinwe Okpara,Kuda Microfinance Bank,090267,CashBox Save,uncategorized,t51jhr95dc00,,
cust_demo,2023-05-03T08:38:14,11300.0,credit,3686131324,Sola Ogundipe,Ecobank Bank,000010,Interbank transfer,transfer,60230503073814759286,,
cust_demo,2023-05-02T19:58:32,491.0,debit,9435754626,Chinwe Okpara,Kuda Microfinance Bank,090267,CashBox Save,uncategorized,t51jgq46dc00,,
cust_demo,2023-05-02T19:56:09,840.0,credit,4654015989,Damilola Ajayi,Zenith Bank Plc,000015,Received from OPEYEMI SAMUEL OLUWAGBEMIGA,transfer,s7230502185604204725,,
cust_demo,2023-05-02T19:44:20,10000.0,debit,3709407741,Safiya Nuhu,Kuda Microfinance Bank,090267,Send to LAWAL MARIAM RONKE,transfer,031jgpgi21c02,,
cust_demo,2023-05-02T19:10:49,450.0,debit,8928749463,Favour Ogbonna,United Bank for Africa,000004,Send to OLUWASANMI MONISOLA ADEOYE,transfer,031jgnwn21e00,,
cust_demo,2023-05-02T18:29:58,3000.0,debit,9604199216,Blessing Okoro,Access Bank,000014,Send to Adebayo Ezekiel Abiodun,transfer,031jgm0k22103,,
cust_demo,2023-05-02T17:34:02,3000.0,credit,4768640977,Ebele Nwachukwu,Kuda Microfinance Bank,090267,Received from Adeleke,transfer,101jgjfc30f00,,
cust_demo,2023-05-01T17:16:24,999.92,debit,4654015989,Damilola Ajayi,Zenith Bank Plc,000015,Send to OPEYEMI SAMUEL OLUWAGBEMIGA,transfer,031jenxy21b03,,
cust_demo,2023-05-01T16:39:46,800.0,debit,4654015989,Damilola Ajayi,Zenith Bank Plc,000015,Send to OPEYEMI SAMUEL OLUWAGBEMIGA,transfer,031jem8w5602,,
cust_demo,2023-05-01T14:44:48,10.0,debit,7948733285,Ese Aikhomu,Fidelity Bank,000007,Send to CHANGAN RTS MFB LTD DOTPAY,transfer,031jegxa22104,,
cust_demo,2023-05-01T13:31:04,15600.0,debit,9604199216,Blessing Okoro,Access Bank,000014,Send to Adebayo Ezekiel Abiodun,transfer,031jedie22002,,
cust_demo,2023-05-01T13:27:27,15600.0,credit,3686131324,Sola Ogundipe,Ecobank Bank,000010,Interbank transfer,transfer,60230501122727189886,,
cust_demo,2023-05-01T09:44:42,150.0,credit,1547287179,Dele Adegoke,Kuda Microfinance Bank,090267,Received from ogaga,transfer,031je31421b05,,
cust_demo,2023-05-01T09:02:40,161.0,credit,3686131324,Sola Ogundipe,Ecobank Bank,000010,Interbank transfer,transfer,60230501080240476755,,
cust_demo,2023-04-30T14:56:28,1200.0,debit,3825953021,Ebele Nwachukwu,StanbicIBTC Bank,000012,Send to KHUBZ BAKERY,transfer,031jcmsq21d02,,
cust_demo,2023-04-29T17:39:49,1000.0,credit,3686131324,Sola Ogundipe,Ecobank Bank,000010,Interbank transfer,transfer,60230429163949150860,,
cust_demo,2023-04-29T17:28:16,8400.0,debit,9604199216,Blessing Okoro,Access Bank,000014,Send to Adebayo Ezekiel Abiodun,transfer,031jaz5q22102,,
cust_demo,2023-04-29T17:17:43,2000.0,credit,3686131324,Sola Ogundipe,Ecobank Bank,000010,Interbank transfer,transfer,60230429161743029175,,
cust_demo,2023-04-29T15:48:25,4000.0,credit,2212676156,Christiana Musa,Access Bank,000014,Received from TEMIDAYO DAVID MICHEAL,transfer,s7230429144820542619,,
cust_demo,2023-04-29T13:31:10,1400.0,credit,3686131324,Sola Ogundipe,Ecobank Bank,000010,Interbank transfer,transfer,60230429123110077995,,
cust_demo,2023-04-28T19:51:33,250.0,credit,3686131324,Sola Ogundipe,Ecobank Bank,000010,Interbank transfer,transfer,60230428185133317493,,
cust_demo,2023-04-28T19:25:14,250.0,debit,8928749463,Favour Ogbonna,United Bank for Africa,000004,Send to OLUWASANMI MONISOLA ADEOYE,transfer,031j99wo5600,,
cust_demo,2023-04-28T15:34:53,2000.0,debit,9604199216,Blessing Okoro,Access Bank,000014,Send to Adebayo Ezekiel Abiodun,transfer,031j8z8r21e00,,
cust_demo,2023-04-28T15:01:55,2250.0,credit,3686131324,Sola Ogundipe,Ecobank Bank,000010,Interbank transfer,transfer,60230428140155763210,,
cust_demo,2023-04-28T14:23:39,700.0,debit,4654015989,Damilola Ajayi,Zenith Bank Plc,000015,Send to OPEYEMI SAMUEL OLUWAGBEMIGA,transfer,031j8vy15601,,
