customer_id,timestamp,amount,direction,beneficiary_name,beneficiary_account,beneficiary_bank_code,transaction_type
cust_demo,2026-07-13T09:31:54,1000.0,debit,Chibuzo Ugwu,3964503361,000007,transfer
cust_demo,2026-07-13T08:29:07,600.0,debit,Maryam Tijjani,7910098112,090267,transfer
cust_demo,2026-07-12T21:45:56,200.0,debit,Maryam Tijjani,7910098112,090267,transfer
cust_demo,2026-07-12T21:33:11,200.0,debit,Maryam Tijjani,7910098112,090267,transfer
cust_demo,2026-07-12T17:13:29,100.0,debit,Maryam Tijjani,7910098112,090267,transfer
cust_demo,2026-07-12T07:34:32,200.0,debit,Maryam Tijjani,7910098112,090267,transfer
cust_demo,2026-07-12T06:45:38,600.0,debit,Maryam Tijjani,7910098112,090267,transfer
cust_demo,2026-07-12T06:31:43,300.0,debit,Maryam Tijjani,,090267,data
cust_demo,2026-07-11T21:05:10,700.0,debit,Maryam Tijjani,7910098112,090267,transfer
cust_demo,2026-07-11T21:00:12,500.0,debit,Kunle Adebayo,8708578018,000007,transfer
cust_demo,2026-07-11T20:44:41,600.0,debit,Maryam Tijjani,7910098112,090267,transfer
cust_demo,2026-07-11T12:57:25,100.0,debit,Maryam Tijjani,7910098112,090267,transfer
cust_demo,2026-07-11T11:35:19,100.0,debit,Maryam Tijjani,7910098112,090267,transfer
cust_demo,2026-07-11T10:22:09,700.0,debit,Maryam Tijjani,7910098112,090267,transfer
cust_demo,2026-07-11T08:45:05,100.0,debit,Maryam Tijjani,7910098112,090267,transfer
cust_demo,2026-07-11T07:31:33,1000.0,debit,Maryam Tijjani,7910098112,090267,transfer
cust_demo,2026-07-09T18:59:11,470.0,debit,Maryam Tijjani,,090267,data
cust_demo,2026-07-09T18:26:43,1000.0,debit,Osaretin Igbinovia,1801463787,000014,transfer
cust_demo,2026-07-09T07:43:15,600.0,debit,Maryam Tijjani,7910098112,090267,transfer
cust_demo,2026-07-09T06:37:14,300.0,debit,Maryam Tijjani,,090267,data
cust_demo,2026-07-08T21:31:52,300.0,debit,Maryam Tijjani,7910098112,090267,transfer
cust_demo,2026-07-08T15:10:06,1000.0,debit,Ekene Nwankwo,1050661459,000017,transfer
cust_demo,2026-07-08T13:27:31,1200.0,debit,Suoyo Amachree,3964864600,000018,transfer
cust_demo,2026-07-07T20:39:08,500.0,debit,Maryam Tijjani,7910098112,090267,transfer
cust_demo,2026-07-07T10:04:24,1000.0,debit,Maryam Tijjani,7910098112,090267,transfer
cust_demo,2026-07-07T09:43:23,420.0,debit,Ronke Fagbenle,9750503890,000012,transfer
cust_demo,2026-07-07T08:53:03,300.0,debit,Maryam Tijjani,7910098112,090267,transfer
cust_demo,2026-07-06T21:30:24,400.0,debit,Maryam Tijjani,7910098112,090267,transfer
cust_demo,2026-07-06T09:31:05,200.0,debit,Maryam Tijjani,7910098112,090267,transfer
cust_demo,2026-07-06T09:31:17,300.0,debit,Maryam Tijjani,,090267,data
cust_demo,2026-07-06T09:29:16,420.0,debit,Ronke Fagbenle,9750503890,000012,transfer
cust_demo,2026-07-05T08:17:48,300.0,debit,Maryam Tijjani,7910098112,090267,transfer
cust_demo,2026-07-04T21:51:52,200.0,debit,Musa Ibrahim,5127116814,000018,transfer
cust_demo,2026-07-04T20:42:22,200.0,debit,Musa Ibrahim,5127116814,000018,transfer
cust_demo,2026-07-04T19:25:48,100.0,debit,Musa Ibrahim,5127116814,000018,transfer
cust_demo,2026-07-04T10:42:02,100.0,debit,Musa Ibrahim,5127116814,000018,transfer
cust_demo,2026-07-04T08:33:37,200.0,debit,Musa Ibrahim,5127116814,000018,transfer
cust_demo,2026-07-03T19:08:05,600.0,debit,Musa Ibrahim,5127116814,000018,transfer
cust_demo,2026-07-03T12:27:38,100.0,debit,Musa Ibrahim,5127116814,000018,transfer
cust_demo,2026-07-03T07:46:05,250.0,debit,Musa Ibrahim,5127116814,000018,transfer
cust_demo,2026-07-03T07:26:37,450.0,debit,Musa Ibrahim,5127116814,000018,transfer
cust_demo,2026-07-03T07:08:08,400.0,debit,Musa Ibrahim,5127116814,000018,transfer
cust_demo,2026-07-03T06:37:23,300.0,debit,Damilola Ajayi,,000018,data
cust_demo,2026-07-02T19:59:02,400.0,debit,Musa Ibrahim,5127116814,000018,transfer
cust_demo,2026-07-02T12:10:37,100.0,debit,Musa Ibrahim,5127116814,000018,transfer
cust_demo,2026-07-02T10:51:03,200.0,debit,Musa Ibrahim,5127116814,000018,transfer
cust_demo,2026-07-02T09:06:16,100.0,debit,Musa Ibrahim,5127116814,000018,transfer
cust_demo,2026-07-01T21:07:39,400.0,debit,Musa Ibrahim,5127116814,000018,transfer
cust_demo,2026-07-01T10:26:35,100.0,debit,Musa Ibrahim,5127116814,000018,transfer
cust_demo,2026-07-01T09:46:56,420.0,debit,Ronke Fagbenle,9750503890,000012,transfer
cust_demo,2026-07-01T09:46:11,100.0,debit,Musa Ibrahim,5127116814,000018,transfer
cust_demo,2026-06-30T20:42:24,200.0,debit,Musa Ibrahim,5127116814,000018,transfer
cust_demo,2026-06-30T19:57:03,200.0,debit,Musa Ibrahim,5127116814,000018,transfer
cust_demo,2026-06-30T14:10:58,500.0,debit,Ruth Balogun,9909834346,000012,transfer
cust_demo,2026-06-30T12:52:17,1994.0,debit,Ivie Aghedo,,000012,data
cust_demo,2026-06-30T10:45:04,300.0,debit,Ivie Aghedo,,000012,data
cust_demo,2026-06-30T09:39:06,600.0,debit,Musa Ibrahim,5127116814,000018,transfer
cust_demo,2026-06-30T09:20:57,200.0,debit,Musa Ibrahim,5127116814,000018,transfer
cust_demo,2026-06-29T20:57:49,300.0,debit,Musa Ibrahim,5127116814,000018,transfer
cust_demo,2026-06-29T15:48:23,1600.0,debit,Christiana Musa,9384954219,000016,transfer
cust_demo,2026-06-29T09:26:05,500.0,debit,Musa Ibrahim,5127116814,000018,transfer
cust_demo,2026-06-29T09:24:32,520.0,debit,Ronke Fagbenle,9750503890,000012,transfer
cust_demo,2026-06-28T21:29:43,200.0,debit,Musa Ibrahim,5127116814,000018,transfer
cust_demo,2026-06-28T19:15:32,900.0,debit,Suoyo Amachree,3964864600,000018,transfer
cust_demo,2026-06-28T18:08:22,10990.0,debit,Hadiza Mohammed,0326671297,000015,transfer
cust_demo,2026-06-28T09:32:47,1000.0,debit,Ahmad Sadiq,8394332740,000015,transfer
cust_demo,2026-06-28T09:10:18,100.0,debit,Musa Ibrahim,5127116814,000018,transfer
cust_demo,2026-06-28T08:20:36,1200.0,debit,Musa Ibrahim,5127116814,000018,transfer
cust_demo,2026-06-27T21:03:32,200.0,debit,Musa Ibrahim,5127116814,000018,transfer
cust_demo,2026-06-27T12:57:41,300.0,debit,Musa Ibrahim,5127116814,000018,transfer
cust_demo,2026-06-27T11:39:18,200.0,debit,Musa Ibrahim,5127116814,000018,transfer
cust_demo,2026-06-27T08:54:53,600.0,debit,Musa Ibrahim,5127116814,000018,transfer
cust_demo,2026-06-27T06:53:47,300.0,debit,Damilola Ajayi,,000018,data
cust_demo,2026-06-26T20:28:42,200.0,debit,Musa Ibrahim,5127116814,000018,transfer
cust_demo,2026-06-26T20:10:36,550.0,debit,Ola Adeleke,9061643959,000016,transfer
cust_demo,2026-06-26T15:32:26,197.0,debit,Folake Adeyemi,,000016,airtime
cust_demo,2026-06-26T13:23:12,520.0,debit,Segun Ojo,8793215258,100004,transfer
cust_demo,2026-06-26T09:30:37,300.0,debit,Esther Okonkwo,4469296166,000010,transfer
cust_demo,2026-06-26T08:12:38,500.0,debit,Musa Ibrahim,5127116814,000018,transfer
cust_demo,2026-06-25T20:26:27,600.0,debit,Musa Ibrahim,5127116814,000018,transfer
cust_demo,2026-06-25T12:01:22,1000.0,debit,Musa Ibrahim,5127116814,000018,transfer
cust_demo,2026-06-25T11:01:13,100.0,debit,Musa Ibrahim,5127116814,000018,transfer
cust_demo,2026-06-25T07:29:00,200.0,debit,Musa Ibrahim,5127116814,000018,transfer
cust_demo,2026-06-24T21:05:28,350.0,debit,Musa Ibrahim,5127116814,000018,transfer
cust_demo,2026-06-24T20:54:32,2500.0,debit,Uche Okonkwo,1943406242,000004,transfer
cust_demo,2026-06-24T20:50:27,100.0,debit,Musa Ibrahim,5127116814,000018,transfer
cust_demo,2026-06-24T15:20:20,700.0,debit,Ese Aikhomu,4158126376,000014,transfer
cust_demo,2026-06-24T07:59:32,500.0,debit,Musa Ibrahim,5127116814,000018,transfer
cust_demo,2026-06-24T07:43:11,300.0,debit,Damilola Ajayi,,000018,data
cust_demo,2026-06-23T21:08:01,400.0,debit,Musa Ibrahim,5127116814,000018,transfer
cust_demo,2026-06-23T18:46:37,70.0,debit,Damilola Ajayi,,000018,airtime
cust_demo,2026-06-23T15:45:27,2000.0,debit,Damilola Ajayi,,000018,data
cust_demo,2026-06-22T11:46:44,59700.0,debit,Damilola Ajayi,4654015989,000015,transfer
cust_demo,2026-06-21T12:40:40,1500.0,debit,Halima Musa,6233147315,000013,transfer
cust_demo,2026-06-21T07:54:38,300.0,debit,Ejike Anozie,,000013,data
cust_demo,2026-06-20T19:54:10,900.0,debit,Amarachi Nduka,5422169322,000004,transfer
cust_demo,2026-06-18T15:56:47,4000.0,debit,Chiedozie Nwabueze,1846989297,000015,transfer
cust_demo,2026-06-18T15:43:46,300.0,debit,Matthew Okereke,,000015,data
cust_demo,2026-06-17T20:44:17,1300.0,debit,Onyinye Madu,1945840730,000017,transfer
cust_demo,2026-06-17T17:31:24,1000.0,debit,John Okafor,4120429650,000013,transfer
cust_demo,2026-06-17T09:35:49,2200.0,debit,Grace Adamu,1832134284,090267,transfer
cust_demo,2026-06-16T15:06:25,4000.0,debit,Damilola Ajayi,4654015989,000015,transfer
cust_demo,2026-06-16T09:27:45,1000.0,debit,Tunde Bakare,0434113780,000012,transfer
cust_demo,2026-06-15T17:38:18,15000.0,debit,Amarachi Nduka,5422169322,000004,transfer
cust_demo,2026-04-24T00:00:36,1000.0,credit,Sola Ogundipe,3686131324,000010,transfer
cust_demo,2026-04-09T21:03:39,7000.0,debit,Damilola Ajayi,4654015989,000015,transfer
cust_demo,2026-04-03T11:07:30,4000.0,debit,Damilola Ajayi,4654015989,000015,transfer
cust_demo,2026-03-22T08:33:22,500.0,debit,Musa Ibrahim,5127116814,000018,transfer
cust_demo,2026-03-21T21:02:21,500.0,debit,Musa Ibrahim,5127116814,000018,transfer
cust_demo,2026-03-21T10:01:32,880.0,debit,Damilola Ajayi,4654015989,000015,transfer
cust_demo,2026-03-21T09:38:27,870.0,debit,John Okafor,4120429650,000013,transfer
cust_demo,2026-03-21T09:06:59,250.0,debit,Uche Okonkwo,1943406242,000004,transfer
cust_demo,2026-03-14T23:02:14,3164.98,debit,Damilola Ajayi,4654015989,000015,transfer
cust_demo,2026-03-05T15:35:07,97.0,debit,Matthew Okereke,,000015,airtime
cust_demo,2026-03-04T17:26:22,100.0,debit,Matthew Okereke,,000015,airtime
cust_demo,2026-02-07T10:16:29,1487.0,debit,Damilola Ajayi,4654015989,000015,transfer
cust_demo,2026-02-05T17:07:12,3000.0,debit,Grace Adamu,1832134284,090267,transfer
cust_demo,2026-02-04T16:08:12,520.0,debit,John Okafor,4120429650,000013,transfer
cust_demo,2026-01-30T19:26:19,66.0,credit,Hauwa Yakubu,7767025037,000001,uncategorized
cust_demo,2026-01-30T19:23:51,5840.0,credit,Sola Ogundipe,3686131324,000010,transfer
cust_demo,2026-01-21T06:12:47,5000.0,debit,Damilola Ajayi,4654015989,000015,transfer
cust_demo,2026-01-11T15:24:57,3400.0,debit,Damilola Ajayi,4654015989,000015,transfer
cust_demo,2026-01-10T11:38:02,1000.0,debit,Damilola Ajayi,4654015989,000015,transfer
cust_demo,2026-01-09T15:41:09,3500.0,debit,Rukayya Danjuma,6106730171,000018,transfer
cust_demo,2026-01-08T11:50:45,2100.0,debit,Ibiere Sokari,1113246839,000007,transfer
cust_demo,2026-01-04T13:51:10,9999.0,debit,Damilola Ajayi,4654015989,000015,transfer
cust_demo,2026-01-03T05:02:04,900.0,debit,Damilola Ajayi,4654015989,000015,transfer
cust_demo,2026-01-02T12:05:12,3500.0,debit,Patience Chukwu,3635897896,100033,transfer
cust_demo,2025-12-31T13:46:55,4450.0,debit,Damilola Ajayi,4654015989,000015,transfer
cust_demo,2025-12-31T08:00:36,800.0,debit,Nkechi Onyekwere,4876859557,090267,transfer
cust_demo,2025-12-28T18:30:43,1015.0,debit,Blessing Madu,3855106717,000018,transfer
cust_demo,2025-12-28T13:36:53,600.0,debit,Damilola Ajayi,,000018,data
cust_demo,2025-12-27T12:45:13,1000.0,debit,Damilola Ajayi,4654015989,000015,transfer
cust_demo,2025-12-26T11:56:46,5100.0,debit,Yusuf Abubakar,9360269093,000001,transfer
cust_demo,2025-12-25T00:36:51,20000.0,credit,Sola Ogundipe,3686131324,000010,transfer
cust_demo,2025-12-24T15:30:16,3000.0,debit,Damilola Ajayi,4654015989,000015,transfer
cust_demo,2025-12-22T18:39:11,6500.0,debit,Osato Aigbe,0085432619,000010,transfer
cust_demo,2025-12-22T12:58:40,1100.0,debit,Osayi Uwadia,5916959629,100033,transfer
cust_demo,2025-12-21T14:53:53,2000.0,debit,Damilola Ajayi,4654015989,000015,transfer
cust_demo,2025-12-21T13:04:22,3000.0,debit,Osayi Uwadia,5916959629,100033,transfer
cust_demo,2025-12-19T10:53:29,2000.0,debit,Chinwe Okpara,7505946283,000007,transfer
cust_demo,2025-12-18T14:44:23,6500.0,debit,Hauwa Yakubu,2012105924,000017,transfer
cust_demo,2025-12-16T12:53:01,50000.0,debit,Osato Aigbe,0085432619,000010,transfer
cust_demo,2025-12-14T16:06:48,77861.25,debit,Zulaihat Ahmed,6586587725,000016,transfer
cust_demo,2025-12-14T08:26:29,169000.0,credit,Sola Ogundipe,3686131324,000010,transfer
cust_demo,2025-12-09T23:43:00,1000.0,credit,Sola Ogundipe,3686131324,000010,transfer
cust_demo,2025-08-22T08:10:15,98.0,debit,Tunde Bakare,,000010,airtime
cust_demo,2025-08-21T22:30:01,47.0,debit,Tunde Bakare,,000010,airtime
cust_demo,2025-08-21T22:27:23,95.0,debit,Tunde Bakare,,000010,airtime
cust_demo,2025-08-20T17:33:39,348.0,debit,Tunde Bakare,,000010,data
cust_demo,2025-08-17T19:34:52,600.0,credit,Sola Ogundipe,3686131324,000010,transfer
cust_demo,2025-08-15T09:37:12,480.0,debit,Tunde Bakare,,000010,data
cust_demo,2025-08-14T14:38:58,8000.0,debit,Chiedozie Nwabueze,7711878453,000001,transfer
cust_demo,2025-08-14T09:34:09,1100.0,debit,Ahmad Sadiq,6533667765,000004,transfer
cust_demo,2025-08-09T18:13:14,1000.0,debit,Gbenga Alabi,8295022250,100004,transfer
cust_demo,2025-08-08T18:56:17,1500.0,debit,Damilola Ajayi,4654015989,000015,transfer
cust_demo,2025-08-07T16:52:01,97.0,debit,Matthew Okereke,,000015,data
cust_demo,2025-08-03T16:47:32,7349.72,debit,Damilola Ajayi,4654015989,000015,transfer
cust_demo,2025-08-03T16:41:26,350.0,debit,Musa Ibrahim,5127116814,000018,transfer
cust_demo,2025-08-03T16:36:11,1100.0,debit,Uche Okonkwo,1943406242,000004,transfer
cust_demo,2025-08-03T16:12:06,500.0,debit,Ebele Nwachukwu,0711658164,000015,transfer
cust_demo,2025-08-02T10:16:01,700.0,debit,Musa Ibrahim,5127116814,000018,transfer
cust_demo,2025-08-02T08:42:17,20000.0,credit,Sola Ogundipe,3686131324,000010,transfer
cust_demo,2025-07-25T08:43:36,600.0,debit,Musa Ibrahim,5127116814,000018,transfer
cust_demo,2025-07-23T20:24:41,100.0,debit,Musa Ibrahim,5127116814,000018,transfer
cust_demo,2025-07-23T20:21:19,400.0,debit,Blessing Madu,8999381848,000012,transfer
cust_demo,2025-07-23T11:34:30,70.0,debit,Ivie Aghedo,,000012,airtime
cust_demo,2025-07-20T14:14:54,10000.0,debit,Damilola Ajayi,4654015989,000015,transfer
cust_demo,2025-07-19T19:38:15,320.0,debit,Blessing Madu,8999381848,000012,transfer
cust_demo,2025-07-19T08:45:17,400.0,debit,Damilola Ajayi,4654015989,000015,transfer
cust_demo,2025-07-18T13:28:34,10000.0,credit,Sola Ogundipe,3686131324,000010,transfer
cust_demo,2025-07-13T09:00:55,8000.0,debit,Damilola Ajayi,4654015989,000015,transfer
cust_demo,2025-07-13T08:57:32,1000.0,debit,Musa Ibrahim,5127116814,000018,transfer
cust_demo,2025-07-07T17:52:43,6500.0,debit,Damilola Ajayi,4654015989,000015,transfer
cust_demo,2025-07-07T17:47:14,3500.0,debit,Vincent Danjuma,3468113591,100033,transfer
cust_demo,2025-07-02T19:22:28,3000.0,debit,Damilola Ajayi,4654015989,000015,transfer
cust_demo,2025-07-01T19:48:36,10000.0,credit,Sola Ogundipe,3686131324,000010,transfer
cust_demo,2025-06-30T21:52:51,7470.0,debit,Tunde Bakare,,000010,data
cust_demo,2025-06-30T11:05:15,2100.0,debit,Precious Eze,0661141481,000018,transfer
cust_demo,2025-06-29T10:31:00,10000.0,debit,Damilola Ajayi,4654015989,000015,transfer
cust_demo,2025-06-27T10:36:16,1000.0,debit,Damilola Ajayi,4654015989,000015,transfer
cust_demo,2025-06-24T22:46:11,19800.0,credit,Sola Ogundipe,3686131324,000010,transfer
cust_demo,2025-06-24T21:08:06,3000.0,debit,Damilola Ajayi,4654015989,000015,transfer
cust_demo,2025-06-21T19:23:05,10000.0,debit,Damilola Ajayi,4654015989,000015,transfer
cust_demo,2025-06-16T09:20:52,10000.0,debit,Damilola Ajayi,4654015989,000015,transfer
cust_demo,2025-06-10T13:09:18,7497.0,debit,Matthew Okereke,,000015,data
cust_demo,2025-06-09T15:12:10,9587.0,debit,Damilola Ajayi,4654015989,000015,transfer
cust_demo,2025-06-09T12:57:15,500.0,debit,Damilola Ajayi,4654015989,000015,transfer
cust_demo,2025-06-08T12:38:00,6000.0,debit,Damilola Ajayi,4654015989,000015,transfer
cust_demo,2025-06-08T12:35:23,92.0,debit,Matthew Okereke,,000015,airtime
cust_demo,2025-06-07T16:15:51,470.0,debit,Matthew Okereke,,000015,data
cust_demo,2025-06-07T15:54:04,900.0,debit,Matthew Okereke,9290494610,100004,transfer
cust_demo,2025-06-07T07:47:56,1500.0,debit,Diepiriye Fubara,9776743879,100004,transfer
cust_demo,2025-06-05T09:46:03,3000.0,debit,Kayode Ilori,1061232206,100004,transfer
cust_demo,2025-06-04T10:55:50,7000.0,debit,Nkechi Onyekwere,4876859557,090267,transfer
cust_demo,2025-06-01T12:15:03,10000.0,debit,Damilola Ajayi,4654015989,000015,transfer
cust_demo,2025-05-29T21:59:33,4492.0,debit,Matthew Okereke,,000015,data
cust_demo,2025-05-29T19:00:12,5000.0,debit,Damilola Ajayi,4654015989,000015,transfer
cust_demo,2025-05-28T21:03:29,1000.0,debit,Beauty Anyanwu,5861514768,100033,transfer
cust_demo,2025-05-28T20:10:16,700.0,debit,David Eze,0869892006,000015,transfer
cust_demo,2025-05-28T20:08:32,1600.0,debit,David Eze,0869892006,000015,transfer
cust_demo,2025-05-28T19:59:44,1000.0,debit,Joy Nwosu,6614203345,100004,transfer
cust_demo,2025-05-28T19:57:46,2500.0,debit,Joy Nwosu,6614203345,100004,transfer
cust_demo,2025-05-28T10:30:35,2100.0,debit,Precious Eze,0661141481,000018,transfer
cust_demo,2025-05-26T07:36:40,2500.0,debit,Damilola Ajayi,4654015989,000015,transfer
cust_demo,2025-05-26T07:23:53,850.0,debit,Uche Okonkwo,1943406242,000004,transfer
cust_demo,2025-05-25T12:31:41,9000.0,debit,Aliyu Garba,8568329378,000010,transfer
cust_demo,2025-05-24T22:26:56,2100.0,debit,Christiana Musa,4980618930,000015,transfer
cust_demo,2025-05-24T04:38:53,4250.0,credit,Onyinye Madu,5820072827,100033,uncategorized
cust_demo,2025-05-24T00:51:21,4388.0,debit,Damilola Ajayi,4654015989,000015,transfer
cust_demo,2025-05-24T00:50:00,19930.0,credit,Sola Ogundipe,3686131324,000010,transfer
cust_demo,2025-05-23T20:19:55,1000.0,debit,Yusuf Abubakar,2875830483,000013,transfer
cust_demo,2025-05-23T20:14:55,450.0,debit,Blessing Madu,8999381848,000012,transfer
cust_demo,2025-05-22T13:32:32,2500.0,debit,Ikenna Anyanwu,7932272375,000015,transfer
cust_demo,2025-05-20T08:32:43,470.0,debit,Matthew Okereke,,000015,data
cust_demo,2025-05-19T17:53:15,1400.0,debit,Ere-ebi Bekederemo,7616840836,000017,transfer
cust_demo,2025-05-19T16:21:05,1000.0,debit,John Okafor,4120429650,000013,transfer
cust_demo,2025-05-19T07:39:34,5000.0,debit,Wumi Ogunbanjo,5928406556,000018,transfer
cust_demo,2025-05-18T22:32:35,4470.0,debit,Damilola Ajayi,,000018,data
cust_demo,2025-05-18T15:49:31,2100.0,debit,Ahmad Sadiq,6533667765,000004,transfer
cust_demo,2025-05-18T14:26:30,1300.0,debit,Grace Adamu,1832134284,090267,transfer
cust_demo,2025-05-17T09:23:38,3000.0,debit,Damilola Ajayi,4654015989,000015,transfer
cust_demo,2025-05-16T20:35:47,300.0,debit,Damilola Ajayi,4654015989,000015,transfer
cust_demo,2025-05-16T16:14:13,2000.0,debit,Hadiza Mohammed,7311089949,000017,transfer
cust_demo,2025-05-15T19:17:51,750.0,debit,Blessing Madu,8999381848,000012,transfer
cust_demo,2025-05-14T07:50:13,4000.0,debit,Damilola Ajayi,4654015989,000015,transfer
cust_demo,2025-05-13T20:06:23,400.0,debit,Osayi Uwadia,5916959629,100033,transfer
cust_demo,2025-05-11T14:51:36,1500.0,debit,Zulaihat Ahmed,9825437060,000013,transfer
cust_demo,2025-05-10T21:19:07,4500.0,debit,Damilola Ajayi,4654015989,000015,transfer
cust_demo,2025-05-06T10:46:20,10000.0,debit,Damilola Ajayi,4654015989,000015,transfer
cust_demo,2025-05-05T13:32:18,15300.0,debit,Faith Uche,4160138353,000013,transfer
cust_demo,2025-05-04T20:25:32,12815.0,debit,Christiana Musa,7258421338,000013,uncategorized
cust_demo,2025-05-03T19:33:40,750.0,debit,Blessing Madu,8999381848,000012,transfer
cust_demo,2025-05-03T12:18:51,1509.0,debit,Deborah Garba,1292802016,000012,transfer
cust_demo,2025-05-02T08:38:42,5000.0,debit,Damilola Ajayi,4654015989,000015,transfer
cust_demo,2025-05-01T18:10:22,4500.0,debit,Matthew Okereke,,000015,data
cust_demo,2025-04-28T08:57:37,10000.0,debit,Damilola Ajayi,4654015989,000015,transfer
cust_demo,2025-04-26T21:09:45,1350.0,debit,Damilola Ajayi,4654015989,000015,transfer
cust_demo,2025-04-25T13:59:50,5000.0,debit,Damilola Ajayi,4654015989,000015,transfer
cust_demo,2025-04-20T21:18:12,9000.0,debit,Damilola Ajayi,4654015989,000015,transfer
cust_demo,2025-04-19T10:37:38,4900.0,debit,Damilola Ajayi,4654015989,000015,transfer
cust_demo,2025-04-17T21:24:17,450.0,debit,Matthew Okereke,,000015,data
cust_demo,2025-04-17T13:50:43,4470.0,debit,Matthew Okereke,,000015,airtime
cust_demo,2025-04-17T12:13:52,800.0,debit,John Okafor,4120429650,000013,transfer
cust_demo,2025-04-15T19:28:36,1000.0,debit,Ahmad Sadiq,5379627914,000004,transfer
cust_demo,2025-04-15T13:40:54,5200.0,debit,Christiana Musa,9384954219,000016,transfer
cust_demo,2025-04-12T08:03:38,5000.0,debit,Damilola Ajayi,4654015989,000015,transfer
cust_demo,2025-04-12T08:02:29,19900.0,credit,Sola Ogundipe,3686131324,000010,transfer
cust_demo,2025-04-05T13:45:36,10000.0,credit,Sola Ogundipe,3686131324,000010,transfer
cust_demo,2025-04-05T13:43:06,9000.0,debit,Esther Okonkwo,8019388086,000004,transfer
cust_demo,2025-04-01T17:11:23,4100.0,debit,Kayode Ilori,1831773708,000017,transfer
cust_demo,2025-04-01T08:53:51,2970.0,debit,Enivwenae Okoduwa,,000017,data
cust_demo,2025-03-28T08:35:18,4000.0,debit,Damilola Ajayi,4654015989,000015,transfer
cust_demo,2025-03-27T23:10:17,181400.0,credit,Sola Ogundipe,3686131324,000010,transfer
cust_demo,2025-03-27T13:16:04,1000.0,debit,Damilola Ajayi,4654015989,000015,transfer
cust_demo,2025-03-23T19:37:35,4970.0,debit,Matthew Okereke,,000015,data
cust_demo,2025-03-20T18:05:15,1000.0,debit,Wumi Ogunbanjo,5928406556,000018,transfer
cust_demo,2025-03-18T15:58:11,25000.0,debit,Osato Aigbe,0085432619,000010,transfer
cust_demo,2025-03-13T21:42:51,4997.0,debit,Tunde Bakare,,000010,data
cust_demo,2025-03-13T20:22:21,70.0,debit,Tunde Bakare,,000010,airtime
cust_demo,2025-03-12T15:27:05,300.0,debit,Jamila Aliyu,4292738700,000013,transfer
cust_demo,2025-03-09T20:46:23,1200.0,debit,Damilola Ajayi,4654015989,000015,transfer
cust_demo,2025-03-09T18:56:22,1400.0,debit,Yinka Balogun,2933619334,000014,transfer
cust_demo,2025-03-07T13:20:37,450.0,debit,Folake Adeyemi,,000014,data
cust_demo,2025-02-28T14:32:12,17000.0,debit,Damilola Ajayi,4654015989,000015,transfer
cust_demo,2025-02-27T21:47:42,2992.0,debit,Matthew Okereke,,000015,data
cust_demo,2025-02-26T14:48:48,19800.0,credit,Sola Ogundipe,3686131324,000010,transfer
cust_demo,2025-02-26T14:36:50,50000.0,credit,Sola Ogundipe,3686131324,000010,transfer
cust_demo,2025-02-26T12:28:11,1000.0,debit,Richard Aliyu,4924565540,000004,transfer
cust_demo,2025-02-22T13:14:40,15000.0,debit,Ovie Erhabor,4197967274,100004,transfer
cust_demo,2025-02-21T20:18:42,492.0,debit,Hadiza Mohammed,,100004,data
cust_demo,2025-02-21T08:38:53,4989.0,credit,Onyinye Madu,5820072827,100033,uncategorized
cust_demo,2025-02-19T12:21:49,497.0,debit,Rabiu Auwal,,100033,data
cust_demo,2025-02-17T20:15:25,95.0,debit,Rabiu Auwal,,100033,airtime
cust_demo,2025-02-15T18:15:15,345.0,debit,Rabiu Auwal,,100033,data
cust_demo,2025-02-12T22:26:01,347.0,debit,Rabiu Auwal,,100033,data
cust_demo,2025-02-12T08:31:25,270.0,debit,Doubra Kalio,8839120976,000015,transfer
cust_demo,2025-02-08T19:05:49,2300.0,debit,Matthew Okereke,9290494610,100004,transfer
cust_demo,2025-02-07T21:23:44,270.0,debit,Doubra Kalio,8839120976,000015,transfer
cust_demo,2025-02-06T17:12:34,98.0,debit,Matthew Okereke,,000015,airtime
cust_demo,2025-02-06T15:15:36,270.0,debit,Doubra Kalio,8839120976,000015,transfer
cust_demo,2025-02-05T22:27:27,270.0,debit,Doubra Kalio,8839120976,000015,transfer
cust_demo,2025-02-05T16:04:40,250.0,debit,Damilola Ajayi,4654015989,000015,transfer
cust_demo,2025-02-05T12:49:57,270.0,debit,Doubra Kalio,8839120976,000015,transfer
cust_demo,2025-02-05T12:42:01,20000.0,credit,Sola Ogundipe,3686131324,000010,transfer
cust_demo,2025-02-05T12:36:36,8989.0,debit,Christiana Musa,7258421338,000013,uncategorized
cust_demo,2025-02-05T12:30:43,4989.0,debit,Christiana Musa,7258421338,000013,uncategorized
cust_demo,2025-02-05T02:09:25,270.0,debit,Doubra Kalio,8839120976,000015,transfer
cust_demo,2025-02-05T00:12:59,270.0,debit,Doubra Kalio,8839120976,000015,transfer
cust_demo,2025-02-04T22:37:27,300.0,debit,Doubra Kalio,8839120976,000015,transfer
cust_demo,2025-02-04T14:25:56,260.0,debit,Doubra Kalio,8839120976,000015,transfer
cust_demo,2025-02-04T09:44:52,2000.0,debit,Wumi Ogunbanjo,5928406556,000018,transfer
cust_demo,2025-02-03T14:07:16,270.0,debit,Doubra Kalio,8839120976,000015,transfer
cust_demo,2025-02-02T18:37:22,1000.0,debit,Matthew Okereke,9290494610,100004,transfer
cust_demo,2025-02-02T18:17:14,1000.0,debit,Matthew Okereke,9290494610,100004,transfer
cust_demo,2025-02-02T17:59:19,270.0,debit,Doubra Kalio,8839120976,000015,transfer
cust_demo,2025-02-02T00:20:22,270.0,debit,Doubra Kalio,8839120976,000015,transfer
cust_demo,2025-01-31T17:30:53,5989.0,credit,Onyinye Madu,5820072827,100033,uncategorized
cust_demo,2025-01-30T18:12:21,100.0,debit,Rabiu Auwal,,100033,data
cust_demo,2025-01-30T18:05:50,270.0,debit,Doubra Kalio,8839120976,000015,transfer
cust_demo,2025-01-29T16:47:13,270.0,debit,Doubra Kalio,8839120976,000015,transfer
cust_demo,2025-01-28T01:36:53,100.0,debit,Matthew Okereke,,000015,data
cust_demo,2025-01-27T22:12:35,270.0,debit,Damilola Ajayi,4654015989,000015,transfer
cust_demo,2025-01-27T21:16:54,270.0,debit,Doubra Kalio,8839120976,000015,transfer
cust_demo,2025-01-27T12:49:19,270.0,debit,Doubra Kalio,8839120976,000015,transfer
cust_demo,2025-01-27T10:39:25,4000.0,debit,Chukwuka Oti,7949271242,000017,transfer
cust_demo,2025-01-26T18:17:48,700.0,debit,Khadija Abdullahi,4222224360,000018,transfer
cust_demo,2025-01-26T18:06:20,2900.0,debit,Matthew Okereke,9290494610,100004,transfer
cust_demo,2025-01-26T01:07:22,5989.0,debit,Christiana Musa,7258421338,000013,uncategorized
cust_demo,2025-01-25T10:19:02,269.0,debit,Doubra Kalio,8839120976,000015,transfer
cust_demo,2025-01-24T18:51:33,500.0,debit,Khadija Abdullahi,4222224360,000018,transfer
cust_demo,2025-01-24T13:49:01,4000.0,debit,Amina Suleiman,0960840715,000007,transfer
cust_demo,2025-01-24T13:24:59,300.0,debit,Wumi Ogunbanjo,9311377918,000007,transfer
cust_demo,2025-01-24T13:20:37,400.0,debit,Obioma Ejiofor,8026640810,000013,transfer
cust_demo,2025-01-22T14:49:18,200.0,debit,Ejike Anozie,,000013,data
cust_demo,2025-01-20T17:53:49,1400.0,debit,Khadija Abdullahi,4222224360,000018,transfer
cust_demo,2025-01-20T15:14:42,400.0,debit,Damilola Ajayi,,000018,data
cust_demo,2025-01-20T15:06:35,230.0,debit,Osayi Uwadia,2551629071,000016,transfer
cust_demo,2025-01-19T22:55:06,270.0,debit,Osayi Uwadia,2551629071,000016,transfer
cust_demo,2025-01-14T20:22:56,11900.0,credit,Sola Ogundipe,3686131324,000010,transfer
cust_demo,2025-01-14T08:25:24,10500.0,credit,Sola Ogundipe,3686131324,000010,transfer
cust_demo,2025-01-14T07:26:28,200.0,debit,Tunde Bakare,,000010,data
cust_demo,2025-01-14T07:20:11,270.0,debit,Osayi Uwadia,2551629071,000016,transfer
cust_demo,2025-01-13T11:56:27,400.0,debit,Folake Adeyemi,,000016,data
cust_demo,2025-01-13T11:23:36,10500.0,debit,Damilola Ajayi,4654015989,000015,transfer
cust_demo,2025-01-10T14:36:26,13900.0,debit,Damilola Ajayi,4654015989,000015,transfer
cust_demo,2025-01-09T09:56:17,19900.0,credit,Sola Ogundipe,3686131324,000010,transfer
cust_demo,2025-01-09T01:23:19,5980.0,debit,Christiana Musa,7258421338,000013,uncategorized
cust_demo,2025-01-01T14:50:16,1200.0,debit,Rukayya Danjuma,9827697648,100033,transfer
cust_demo,2024-12-30T17:22:02,40000.0,debit,Damilola Ajayi,4654015989,000015,transfer
cust_demo,2024-12-27T10:10:53,2400.0,debit,Damilola Ajayi,4654015989,000015,transfer
cust_demo,2024-12-26T17:41:05,1400.0,debit,Osaretin Igbinovia,9845376297,000015,transfer
cust_demo,2024-12-25T19:46:18,1600.0,debit,John Okafor,9863666330,000016,transfer
cust_demo,2024-12-25T14:56:53,1000.0,debit,Osayi Uwadia,2551629071,000016,transfer
cust_demo,2024-12-24T21:37:33,2000.0,debit,Andrew Okpara,9168470422,000014,transfer
cust_demo,2024-12-24T17:47:44,700.0,debit,Halima Musa,6233147315,000013,transfer
cust_demo,2024-12-24T15:30:13,2000.0,debit,Wumi Ogunbanjo,5928406556,000018,transfer
cust_demo,2024-12-23T17:56:04,270.0,debit,Osayi Uwadia,2551629071,000016,transfer
cust_demo,2024-12-23T17:13:30,50000.0,credit,Sola Ogundipe,3686131324,000010,transfer
cust_demo,2024-12-23T11:23:19,3000.0,debit,Umar Faruk,2863427707,000014,transfer
cust_demo,2024-12-22T03:49:02,80.0,debit,Folake Adeyemi,,000014,data
cust_demo,2024-12-20T09:40:54,1997.0,debit,Favour Ogbonna,8018496186,000018,uncategorized
cust_demo,2024-12-19T18:52:14,97.0,debit,Damilola Ajayi,,000018,airtime
cust_demo,2024-12-16T19:55:08,5000.0,debit,Kayode Ilori,1831773708,000017,transfer
cust_demo,2024-12-15T20:22:03,1603.0,debit,Damilola Ajayi,4654015989,000015,transfer
cust_demo,2024-12-15T18:05:56,2000.0,debit,Matthew Okereke,9290494610,100004,transfer
cust_demo,2024-12-15T17:44:32,1000.0,debit,Khadija Abdullahi,4222224360,000018,transfer
cust_demo,2024-12-15T12:28:02,97.0,debit,Damilola Ajayi,,000018,airtime
cust_demo,2024-12-15T12:27:22,100.0,debit,Damilola Ajayi,,000018,airtime
cust_demo,2024-12-15T12:25:13,5150.0,debit,Damilola Ajayi,4654015989,000015,transfer
cust_demo,2024-12-15T12:04:57,12000.0,credit,Sola Ogundipe,3686131324,000010,transfer
cust_demo,2024-12-11T19:46:14,145.0,debit,Tunde Bakare,,000010,data
cust_demo,2024-12-10T14:20:01,259.15,debit,Damilola Ajayi,4654015989,000015,transfer
cust_demo,2024-12-10T13:48:51,1000.0,debit,Wumi Ogunbanjo,9311377918,000007,transfer
cust_demo,2024-12-09T19:01:53,2750.0,debit,Matthew Okereke,9290494610,100004,transfer
cust_demo,2024-12-09T08:48:07,347.0,debit,Hadiza Mohammed,,100004,data
cust_demo,2024-12-09T08:47:34,1700.0,debit,Damilola Ajayi,4654015989,000015,transfer
cust_demo,2024-12-08T20:10:06,270.0,debit,Osayi Uwadia,2551629071,000016,transfer
cust_demo,2024-12-08T20:06:55,320.0,debit,Damilola Ajayi,4654015989,000015,transfer
cust_demo,2024-12-07T19:53:15,400.0,debit,Wumi Ogunbanjo,5928406556,000018,transfer
cust_demo,2024-12-07T18:24:18,270.0,debit,Osayi Uwadia,2551629071,000016,transfer
cust_demo,2024-12-07T11:49:52,270.0,debit,Osayi Uwadia,2551629071,000016,transfer
cust_demo,2024-12-06T19:11:30,97.0,debit,Folake Adeyemi,,000016,airtime
cust_demo,2024-12-06T16:08:16,270.0,debit,Osayi Uwadia,2551629071,000016,transfer
cust_demo,2024-12-05T17:42:39,3000.0,debit,Wumi Ogunbanjo,5928406556,000018,transfer
cust_demo,2024-12-05T14:18:56,270.0,debit,Osayi Uwadia,2551629071,000016,transfer
cust_demo,2024-12-03T15:24:27,6300.0,debit,Ngozi Eze,0299771455,000010,transfer
cust_demo,2024-12-03T13:56:15,3000.0,debit,Damilola Ajayi,4654015989,000015,transfer
cust_demo,2024-11-30T22:18:36,270.0,debit,Osayi Uwadia,2551629071,000016,transfer
cust_demo,2024-11-30T14:39:32,6500.0,debit,Ngozi Eze,0299771455,000010,transfer
cust_demo,2024-11-27T14:14:46,3676.0,debit,Damilola Ajayi,4654015989,000015,transfer
cust_demo,2024-11-26T21:15:18,265.0,debit,Osayi Uwadia,2551629071,000016,transfer
cust_demo,2024-11-26T19:57:38,94.0,debit,Folake Adeyemi,,000016,airtime
cust_demo,2024-11-24T16:19:23,270.0,debit,Osayi Uwadia,2551629071,000016,transfer
cust_demo,2024-11-23T13:33:05,265.0,debit,Osayi Uwadia,2551629071,000016,transfer
cust_demo,2024-11-23T09:57:37,400.0,debit,Ifeoma Nnamdi,0942046657,000016,transfer
cust_demo,2024-11-23T07:48:19,500.0,debit,Wumi Ogunbanjo,5928406556,000018,transfer
cust_demo,2024-11-22T18:55:41,180.0,debit,Damilola Ajayi,,000018,airtime
cust_demo,2024-11-21T20:46:01,560.0,debit,Osayi Uwadia,2551629071,000016,transfer
cust_demo,2024-11-21T10:13:41,1998.0,debit,Favour Ogbonna,8018496186,000018,uncategorized
cust_demo,2024-11-20T00:07:45,50.0,debit,Damilola Ajayi,,000018,data
cust_demo,2024-11-17T01:19:51,50.0,debit,Damilola Ajayi,,000018,data
cust_demo,2024-11-16T22:57:27,200.0,debit,Damilola Ajayi,,000018,data
cust_demo,2024-11-16T13:57:30,280.0,debit,Damilola Ajayi,,000018,data
cust_demo,2024-11-16T13:45:19,500.0,credit,Sola Ogundipe,3686131324,000010,transfer
cust_demo,2024-11-15T17:37:37,2500.0,debit,Matthew Okereke,9290494610,100004,transfer
cust_demo,2024-11-13T18:35:23,2000.0,debit,Matthew Okereke,9290494610,100004,transfer
cust_demo,2024-11-12T17:59:59,3000.0,debit,Wumi Ogunbanjo,5928406556,000018,transfer
cust_demo,2024-11-11T20:44:41,270.0,debit,Damilola Ajayi,4654015989,000015,transfer
cust_demo,2024-11-11T20:10:36,1300.0,debit,Favour Ogbonna,8018496186,000018,uncategorized
cust_demo,2024-11-02T13:15:22,549.0,debit,Damilola Ajayi,,000018,data
cust_demo,2024-11-02T03:00:55,47.0,debit,Damilola Ajayi,,000018,data
cust_demo,2024-11-01T21:30:25,100.0,credit,Sola Ogundipe,3686131324,000010,transfer
cust_demo,2024-10-30T15:45:40,300.0,debit,Damilola Ajayi,4654015989,000015,transfer
cust_demo,2024-10-30T13:02:16,200.0,debit,Damilola Ajayi,4654015989,000015,transfer
cust_demo,2024-10-29T14:50:08,500.0,debit,Damilola Ajayi,4654015989,000015,transfer
cust_demo,2024-10-26T20:11:20,1500.0,debit,Ifeoma Nnamdi,8565976310,000010,transfer
cust_demo,2024-10-26T08:27:37,415.0,debit,Damilola Ajayi,4654015989,000015,transfer
cust_demo,2024-10-24T17:58:25,7000.0,debit,Folake Adeyemi,3883009749,100004,transfer
cust_demo,2026-07-13T09:31:54,1000.0,debit,Chibuzo Ugwu,3964503361,000007,transfer
cust_demo,2026-07-13T08:29:07,600.0,debit,Maryam Tijjani,7910098112,090267,transfer
cust_demo,2026-07-12T21:45:56,200.0,debit,Maryam Tijjani,7910098112,090267,transfer
cust_demo,2026-07-12T21:33:11,200.0,debit,Maryam Tijjani,7910098112,090267,transfer
cust_demo,2026-07-12T17:13:29,100.0,debit,Maryam Tijjani,7910098112,090267,transfer
cust_demo,2026-07-12T07:34:32,200.0,debit,Maryam Tijjani,7910098112,090267,transfer
cust_demo,2026-07-12T06:45:38,600.0,debit,Maryam Tijjani,7910098112,090267,transfer
cust_demo,2026-07-12T06:31:43,300.0,debit,Maryam Tijjani,,090267,data
cust_demo,2026-07-11T21:05:10,700.0,debit,Maryam Tijjani,7910098112,090267,transfer
cust_demo,2026-07-11T21:00:12,500.0,debit,Kunle Adebayo,8708578018,000007,transfer
cust_demo,2026-07-11T20:44:41,600.0,debit,Maryam Tijjani,7910098112,090267,transfer
cust_demo,2026-07-11T12:57:25,100.0,debit,Maryam Tijjani,7910098112,090267,transfer
cust_demo,2026-07-11T11:35:19,100.0,debit,Maryam Tijjani,7910098112,090267,transfer
cust_demo,2026-07-11T10:22:09,700.0,debit,Maryam Tijjani,7910098112,090267,transfer
cust_demo,2026-07-11T08:45:05,100.0,debit,Maryam Tijjani,7910098112,090267,transfer
cust_demo,2026-07-11T07:31:33,1000.0,debit,Maryam Tijjani,7910098112,090267,transfer
cust_demo,2026-07-09T18:59:11,470.0,debit,Maryam Tijjani,,090267,data
cust_demo,2026-07-09T18:26:43,1000.0,debit,Osaretin Igbinovia,1801463787,000014,transfer
cust_demo,2026-07-09T07:43:15,600.0,debit,Maryam Tijjani,7910098112,090267,transfer
cust_demo,2026-07-09T06:37:14,300.0,debit,Maryam Tijjani,,090267,data
cust_demo,2026-07-08T21:31:52,300.0,debit,Maryam Tijjani,7910098112,090267,transfer
cust_demo,2026-07-08T15:10:06,1000.0,debit,Ekene Nwankwo,1050661459,000017,transfer
cust_demo,2026-07-08T13:27:31,1200.0,debit,Suoyo Amachree,3964864600,000018,transfer
cust_demo,2026-07-07T20:39:08,500.0,debit,Maryam Tijjani,7910098112,090267,transfer
cust_demo,2026-07-07T10:04:24,1000.0,debit,Maryam Tijjani,7910098112,090267,transfer
cust_demo,2026-07-07T09:43:23,420.0,debit,Ronke Fagbenle,9750503890,000012,transfer
cust_demo,2026-07-07T08:53:03,300.0,debit,Maryam Tijjani,7910098112,090267,transfer
cust_demo,2026-07-06T21:30:24,400.0,debit,Maryam Tijjani,7910098112,090267,transfer
cust_demo,2026-07-06T09:31:05,200.0,debit,Maryam Tijjani,7910098112,090267,transfer
cust_demo,2026-07-06T09:31:17,300.0,debit,Maryam Tijjani,,090267,data
cust_demo,2026-07-06T09:29:16,420.0,debit,Ronke Fagbenle,9750503890,000012,transfer
cust_demo,2026-07-05T08:17:48,300.0,debit,Maryam Tijjani,7910098112,090267,transfer
cust_demo,2026-07-04T21:51:52,200.0,debit,Musa Ibrahim,5127116814,000018,transfer
cust_demo,2026-07-04T20:42:22,200.0,debit,Musa Ibrahim,5127116814,000018,transfer
cust_demo,2026-07-04T19:25:48,100.0,debit,Musa Ibrahim,5127116814,000018,transfer
cust_demo,2026-07-04T10:42:02,100.0,debit,Musa Ibrahim,5127116814,000018,transfer
cust_demo,2026-07-04T08:33:37,200.0,debit,Musa Ibrahim,5127116814,000018,transfer
cust_demo,2026-07-03T19:08:05,600.0,debit,Musa Ibrahim,5127116814,000018,transfer
cust_demo,2026-07-03T16:03:11,500.0,debit,Musa Ibrahim,5127116814,000018,transfer
cust_demo,2026-07-03T12:27:38,100.0,debit,Musa Ibrahim,5127116814,000018,transfer
cust_demo,2026-07-03T07:46:05,250.0,debit,Musa Ibrahim,5127116814,000018,transfer
cust_demo,2026-07-03T07:26:37,450.0,debit,Musa Ibrahim,5127116814,000018,transfer
cust_demo,2026-07-03T07:08:08,400.0,debit,Musa Ibrahim,5127116814,000018,transfer
cust_demo,2026-07-03T06:37:23,300.0,debit,Damilola Ajayi,,000018,data
cust_demo,2026-07-02T19:59:02,400.0,debit,Musa Ibrahim,5127116814,000018,transfer
cust_demo,2026-07-02T12:10:37,100.0,debit,Musa Ibrahim,5127116814,000018,transfer
cust_demo,2026-07-02T10:51:03,200.0,debit,Musa Ibrahim,5127116814,000018,transfer
cust_demo,2026-07-02T09:06:16,100.0,debit,Musa Ibrahim,5127116814,000018,transfer
cust_demo,2026-07-01T21:07:39,400.0,debit,Musa Ibrahim,5127116814,000018,transfer
cust_demo,2026-07-01T10:26:35,100.0,debit,Musa Ibrahim,5127116814,000018,transfer
cust_demo,2026-07-01T09:46:56,420.0,debit,Ronke Fagbenle,9750503890,000012,transfer
cust_demo,2026-07-01T09:46:11,100.0,debit,Musa Ibrahim,5127116814,000018,transfer
cust_demo,2026-06-30T20:42:24,200.0,debit,Musa Ibrahim,5127116814,000018,transfer
cust_demo,2026-06-30T19:57:03,200.0,debit,Musa Ibrahim,5127116814,000018,transfer
cust_demo,2026-06-30T14:10:58,500.0,debit,Ruth Balogun,9909834346,000012,transfer
cust_demo,2026-06-30T12:52:17,1994.0,debit,Ivie Aghedo,,000012,data
cust_demo,2026-06-30T10:45:04,300.0,debit,Ivie Aghedo,,000012,data
cust_demo,2026-06-30T09:39:06,600.0,debit,Musa Ibrahim,5127116814,000018,transfer
cust_demo,2026-06-30T09:20:57,200.0,debit,Musa Ibrahim,5127116814,000018,transfer
cust_demo,2026-06-29T20:57:49,300.0,debit,Musa Ibrahim,5127116814,000018,transfer
cust_demo,2026-06-29T15:48:23,1600.0,debit,Christiana Musa,9384954219,000016,transfer
cust_demo,2026-06-29T09:26:05,500.0,debit,Musa Ibrahim,5127116814,000018,transfer
cust_demo,2026-06-29T09:24:32,520.0,debit,Ronke Fagbenle,9750503890,000012,transfer
cust_demo,2026-06-28T21:29:43,200.0,debit,Musa Ibrahim,5127116814,000018,transfer
cust_demo,2026-06-28T19:15:32,900.0,debit,Suoyo Amachree,3964864600,000018,transfer
cust_demo,2026-06-28T18:08:22,10990.0,debit,Hadiza Mohammed,0326671297,000015,transfer
cust_demo,2026-06-28T09:32:47,1000.0,debit,Ahmad Sadiq,8394332740,000015,transfer
cust_demo,2026-06-28T09:10:18,100.0,debit,Musa Ibrahim,5127116814,000018,transfer
cust_demo,2026-06-28T08:20:36,1200.0,debit,Musa Ibrahim,5127116814,000018,transfer
cust_demo,2026-06-27T21:03:32,200.0,debit,Musa Ibrahim,5127116814,000018,transfer
cust_demo,2026-06-27T12:57:41,300.0,debit,Musa Ibrahim,5127116814,000018,transfer
cust_demo,2026-06-27T11:39:18,200.0,debit,Musa Ibrahim,5127116814,000018,transfer
cust_demo,2026-06-27T08:54:53,600.0,debit,Musa Ibrahim,5127116814,000018,transfer
cust_demo,2026-06-27T06:53:47,300.0,debit,Damilola Ajayi,,000018,data
cust_demo,2026-06-26T20:28:42,200.0,debit,Musa Ibrahim,5127116814,000018,transfer
cust_demo,2026-06-26T20:10:36,550.0,debit,Ola Adeleke,9061643959,000016,transfer
cust_demo,2026-06-26T15:32:26,197.0,debit,Folake Adeyemi,,000016,airtime
cust_demo,2026-06-26T13:23:12,520.0,debit,Segun Ojo,8793215258,100004,transfer
cust_demo,2026-06-26T09:30:37,300.0,debit,Esther Okonkwo,4469296166,000010,transfer
cust_demo,2026-06-26T08:12:38,500.0,debit,Musa Ibrahim,5127116814,000018,transfer
cust_demo,2026-06-25T20:26:27,600.0,debit,Musa Ibrahim,5127116814,000018,transfer
cust_demo,2026-06-25T12:01:22,1000.0,debit,Musa Ibrahim,5127116814,000018,transfer
cust_demo,2026-06-25T11:01:13,100.0,debit,Musa Ibrahim,5127116814,000018,transfer
cust_demo,2026-06-25T07:29:00,200.0,debit,Musa Ibrahim,5127116814,000018,transfer
cust_demo,2026-06-24T21:05:28,350.0,debit,Musa Ibrahim,5127116814,000018,transfer
cust_demo,2026-06-24T20:54:32,2500.0,debit,Uche Okonkwo,1943406242,000004,transfer
cust_demo,2026-06-24T20:50:27,100.0,debit,Musa Ibrahim,5127116814,000018,transfer
cust_demo,2026-06-24T15:20:20,700.0,debit,Ese Aikhomu,4158126376,000014,transfer
cust_demo,2026-06-24T07:59:32,500.0,debit,Musa Ibrahim,5127116814,000018,transfer
cust_demo,2026-06-24T07:43:11,300.0,debit,Damilola Ajayi,,000018,data
cust_demo,2026-06-23T21:08:01,400.0,debit,Musa Ibrahim,5127116814,000018,transfer
cust_demo,2026-06-23T18:46:37,70.0,debit,Damilola Ajayi,,000018,airtime
cust_demo,2026-06-23T15:45:27,2000.0,debit,Damilola Ajayi,,000018,data
cust_demo,2026-06-22T11:46:44,59700.0,debit,Damilola Ajayi,4654015989,000015,transfer
cust_demo,2026-06-21T12:40:40,1500.0,debit,Halima Musa,6233147315,000013,transfer
cust_demo,2026-06-21T07:54:38,300.0,debit,Ejike Anozie,,000013,data
cust_demo,2026-06-20T19:54:10,900.0,debit,Amarachi Nduka,5422169322,000004,transfer
cust_demo,2026-06-18T15:56:47,4000.0,debit,Chiedozie Nwabueze,1846989297,000015,transfer
cust_demo,2026-06-18T15:43:46,300.0,debit,Matthew Okereke,,000015,data
cust_demo,2026-06-17T20:44:17,1300.0,debit,Onyinye Madu,1945840730,000017,transfer
cust_demo,2026-06-17T17:31:24,1000.0,debit,John Okafor,4120429650,000013,transfer
cust_demo,2026-06-17T09:35:49,2200.0,debit,Grace Adamu,1832134284,090267,transfer
cust_demo,2026-06-16T15:06:25,4000.0,debit,Damilola Ajayi,4654015989,000015,transfer
cust_demo,2026-06-16T09:27:45,1000.0,debit,Tunde Bakare,0434113780,000012,transfer
cust_demo,2026-06-15T17:38:18,15000.0,debit,Amarachi Nduka,5422169322,000004,transfer
cust_demo,2026-04-24T00:00:36,1000.0,credit,Sola Ogundipe,3686131324,000010,transfer
cust_demo,2026-04-09T21:03:39,7000.0,debit,Damilola Ajayi,4654015989,000015,transfer
cust_demo,2026-04-03T11:07:30,4000.0,debit,Damilola Ajayi,4654015989,000015,transfer
cust_demo,2026-03-22T08:33:22,500.0,debit,Musa Ibrahim,5127116814,000018,transfer
cust_demo,2026-03-21T21:02:21,500.0,debit,Musa Ibrahim,5127116814,000018,transfer
cust_demo,2026-03-21T10:01:32,880.0,debit,Damilola Ajayi,4654015989,000015,transfer
cust_demo,2026-03-21T09:38:27,870.0,debit,John Okafor,4120429650,000013,transfer
cust_demo,2026-03-21T09:06:59,250.0,debit,Uche Okonkwo,1943406242,000004,transfer
cust_demo,2026-03-14T23:02:14,3164.98,debit,Damilola Ajayi,4654015989,000015,transfer
cust_demo,2026-03-05T15:35:07,97.0,debit,Matthew Okereke,,000015,airtime
cust_demo,2026-03-04T17:26:22,100.0,debit,Matthew Okereke,,000015,airtime
cust_demo,2026-02-07T10:16:29,1487.0,debit,Damilola Ajayi,4654015989,000015,transfer
cust_demo,2026-02-05T17:07:12,3000.0,debit,Grace Adamu,1832134284,090267,transfer
cust_demo,2026-02-04T16:08:12,520.0,debit,John Okafor,4120429650,000013,transfer
cust_demo,2026-01-30T19:26:19,66.0,credit,Hauwa Yakubu,7767025037,000001,uncategorized
cust_demo,2026-01-30T19:23:51,5840.0,credit,Sola Ogundipe,3686131324,000010,transfer
cust_demo,2026-01-21T06:12:47,5000.0,debit,Damilola Ajayi,4654015989,000015,transfer
cust_demo,2026-01-11T15:24:57,3400.0,debit,Damilola Ajayi,4654015989,000015,transfer
cust_demo,2026-01-10T11:38:02,1000.0,debit,Damilola Ajayi,4654015989,000015,transfer
cust_demo,2026-01-09T15:41:09,3500.0,debit,Rukayya Danjuma,6106730171,000018,transfer
cust_demo,2026-01-08T11:50:45,2100.0,debit,Ibiere Sokari,1113246839,000007,transfer
cust_demo,2026-01-04T13:51:10,9999.0,debit,Damilola Ajayi,4654015989,000015,transfer
cust_demo,2026-01-03T05:02:04,900.0,debit,Damilola Ajayi,4654015989,000015,transfer
cust_demo,2026-01-02T12:05:12,3500.0,debit,Patience Chukwu,3635897896,100033,transfer
cust_demo,2025-12-31T13:46:55,4450.0,debit,Damilola Ajayi,4654015989,000015,transfer
cust_demo,2025-12-31T08:00:36,800.0,debit,Nkechi Onyekwere,4876859557,090267,transfer
cust_demo,2025-12-28T18:30:43,1015.0,debit,Blessing Madu,3855106717,000018,transfer
cust_demo,2025-12-28T13:36:53,600.0,debit,Damilola Ajayi,,000018,data
cust_demo,2025-12-27T12:45:13,1000.0,debit,Damilola Ajayi,4654015989,000015,transfer
cust_demo,2025-12-26T11:56:46,5100.0,debit,Yusuf Abubakar,9360269093,000001,transfer
cust_demo,2025-12-25T00:36:51,20000.0,credit,Sola Ogundipe,3686131324,000010,transfer
cust_demo,2025-12-24T15:30:16,3000.0,debit,Damilola Ajayi,4654015989,000015,transfer
cust_demo,2025-12-22T18:39:11,6500.0,debit,Osato Aigbe,0085432619,000010,transfer
cust_demo,2025-12-22T12:58:40,1100.0,debit,Osayi Uwadia,5916959629,100033,transfer
cust_demo,2025-12-21T14:53:53,2000.0,debit,Damilola Ajayi,4654015989,000015,transfer
cust_demo,2025-12-21T13:04:22,3000.0,debit,Osayi Uwadia,5916959629,100033,transfer
cust_demo,2025-12-19T10:53:29,2000.0,debit,Chinwe Okpara,7505946283,000007,transfer
cust_demo,2025-12-18T14:44:23,6500.0,debit,Hauwa Yakubu,2012105924,000017,transfer
cust_demo,2025-12-16T12:53:01,50000.0,debit,Osato Aigbe,0085432619,000010,transfer
cust_demo,2025-12-14T16:06:48,77861.25,debit,Zulaihat Ahmed,6586587725,000016,transfer
cust_demo,2025-12-14T08:26:29,169000.0,credit,Sola Ogundipe,3686131324,000010,transfer
cust_demo,2025-12-09T23:43:00,1000.0,credit,Sola Ogundipe,3686131324,000010,transfer
cust_demo,2025-08-22T08:10:15,98.0,debit,Tunde Bakare,,000010,airtime
cust_demo,2025-08-21T22:30:01,47.0,debit,Tunde Bakare,,000010,airtime
cust_demo,2025-08-21T22:27:23,95.0,debit,Tunde Bakare,,000010,airtime
cust_demo,2025-08-20T17:33:39,348.0,debit,Tunde Bakare,,000010,data
cust_demo,2025-08-17T19:34:52,600.0,credit,Sola Ogundipe,3686131324,000010,transfer
cust_demo,2025-08-15T09:37:12,480.0,debit,Tunde Bakare,,000010,data
cust_demo,2025-08-14T14:38:58,8000.0,debit,Chiedozie Nwabueze,7711878453,000001,transfer
cust_demo,2025-08-14T09:34:09,1100.0,debit,Ahmad Sadiq,6533667765,000004,transfer
cust_demo,2025-08-09T18:13:14,1000.0,debit,Gbenga Alabi,8295022250,100004,transfer
cust_demo,2025-08-08T18:56:17,1500.0,debit,Damilola Ajayi,4654015989,000015,transfer
cust_demo,2025-08-07T16:52:01,97.0,debit,Matthew Okereke,,000015,data
cust_demo,2025-08-03T16:47:32,7349.72,debit,Damilola Ajayi,4654015989,000015,transfer
cust_demo,2025-08-03T16:41:26,350.0,debit,Musa Ibrahim,5127116814,000018,transfer
cust_demo,2025-08-03T16:36:11,1100.0,debit,Uche Okonkwo,1943406242,000004,transfer
cust_demo,2025-08-03T16:12:06,500.0,debit,Ebele Nwachukwu,0711658164,000015,transfer
cust_demo,2025-08-02T10:16:01,700.0,debit,Musa Ibrahim,5127116814,000018,transfer
cust_demo,2025-08-02T08:42:17,20000.0,credit,Sola Ogundipe,3686131324,000010,transfer
cust_demo,2025-07-25T08:43:36,600.0,debit,Musa Ibrahim,5127116814,000018,transfer
cust_demo,2025-07-23T20:24:41,100.0,debit,Musa Ibrahim,5127116814,000018,transfer
cust_demo,2025-07-23T20:21:19,400.0,debit,Blessing Madu,8999381848,000012,transfer
cust_demo,2025-07-23T11:34:30,70.0,debit,Ivie Aghedo,,000012,airtime
cust_demo,2025-07-20T14:14:54,10000.0,debit,Damilola Ajayi,4654015989,000015,transfer
cust_demo,2025-07-19T19:38:15,320.0,debit,Blessing Madu,8999381848,000012,transfer
cust_demo,2025-07-19T08:45:17,400.0,debit,Damilola Ajayi,4654015989,000015,transfer
cust_demo,2025-07-18T13:28:34,10000.0,credit,Sola Ogundipe,3686131324,000010,transfer
cust_demo,2025-07-13T09:00:55,8000.0,debit,Damilola Ajayi,4654015989,000015,transfer
cust_demo,2025-07-13T08:57:32,1000.0,debit,Musa Ibrahim,5127116814,000018,transfer
cust_demo,2025-07-07T17:52:43,6500.0,debit,Damilola Ajayi,4654015989,000015,transfer
cust_demo,2025-07-07T17:47:14,3500.0,debit,Vincent Danjuma,3468113591,100033,transfer
cust_demo,2025-07-02T19:22:28,3000.0,debit,Damilola Ajayi,4654015989,000015,transfer
cust_demo,2025-07-01T19:48:36,10000.0,credit,Sola Ogundipe,3686131324,000010,transfer
cust_demo,2025-06-30T21:52:51,7470.0,debit,Tunde Bakare,,000010,data
cust_demo,2025-06-30T11:05:15,2100.0,debit,Precious Eze,0661141481,000018,transfer
cust_demo,2025-06-29T10:31:00,10000.0,debit,Damilola Ajayi,4654015989,000015,transfer
cust_demo,2025-06-27T10:36:16,1000.0,debit,Damilola Ajayi,4654015989,000015,transfer
cust_demo,2025-06-24T22:46:11,19800.0,credit,Sola Ogundipe,3686131324,000010,transfer
cust_demo,2025-06-24T21:08:06,3000.0,debit,Damilola Ajayi,4654015989,000015,transfer
cust_demo,2025-06-21T19:23:05,10000.0,debit,Damilola Ajayi,4654015989,000015,transfer
cust_demo,2025-06-16T09:20:52,10000.0,debit,Damilola Ajayi,4654015989,000015,transfer
cust_demo,2025-06-10T13:09:18,7497.0,debit,Matthew Okereke,,000015,data
cust_demo,2025-06-09T15:12:10,9587.0,debit,Damilola Ajayi,4654015989,000015,transfer
cust_demo,2025-06-09T12:57:15,500.0,debit,Damilola Ajayi,4654015989,000015,transfer
cust_demo,2025-06-08T12:38:00,6000.0,debit,Damilola Ajayi,4654015989,000015,transfer
cust_demo,2025-06-08T12:35:23,92.0,debit,Matthew Okereke,,000015,airtime
cust_demo,2025-06-07T16:15:51,470.0,debit,Matthew Okereke,,000015,data
cust_demo,2025-06-07T15:54:04,900.0,debit,Matthew Okereke,9290494610,100004,transfer
cust_demo,2025-06-07T07:47:56,1500.0,debit,Diepiriye Fubara,9776743879,100004,transfer
cust_demo,2025-06-05T09:46:03,3000.0,debit,Kayode Ilori,1061232206,100004,transfer
cust_demo,2025-06-04T10:55:50,7000.0,debit,Nkechi Onyekwere,4876859557,090267,transfer
cust_demo,2025-06-01T12:15:03,10000.0,debit,Damilola Ajayi,4654015989,000015,transfer
cust_demo,2025-05-29T21:59:33,4492.0,debit,Matthew Okereke,,000015,data
cust_demo,2025-05-29T19:00:12,5000.0,debit,Damilola Ajayi,4654015989,000015,transfer
cust_demo,2025-05-28T21:03:29,1000.0,debit,Beauty Anyanwu,5861514768,100033,transfer
cust_demo,2025-05-28T20:10:16,700.0,debit,David Eze,0869892006,000015,transfer
cust_demo,2025-05-28T20:08:32,1600.0,debit,David Eze,0869892006,000015,transfer
cust_demo,2025-05-28T19:59:44,1000.0,debit,Joy Nwosu,6614203345,100004,transfer
cust_demo,2025-05-28T19:57:46,2500.0,debit,Joy Nwosu,6614203345,100004,transfer
cust_demo,2025-05-28T10:30:35,2100.0,debit,Precious Eze,0661141481,000018,transfer
cust_demo,2025-05-26T07:36:40,2500.0,debit,Damilola Ajayi,4654015989,000015,transfer
cust_demo,2025-05-26T07:23:53,850.0,debit,Uche Okonkwo,1943406242,000004,transfer
cust_demo,2025-05-25T12:31:41,9000.0,debit,Aliyu Garba,8568329378,000010,transfer
cust_demo,2025-05-24T22:26:56,2100.0,debit,Christiana Musa,4980618930,000015,transfer
cust_demo,2025-05-24T04:38:53,4250.0,credit,Onyinye Madu,5820072827,100033,uncategorized
cust_demo,2025-05-24T00:51:21,4388.0,debit,Damilola Ajayi,4654015989,000015,transfer
cust_demo,2025-05-24T00:50:00,19930.0,credit,Sola Ogundipe,3686131324,000010,transfer
cust_demo,2025-05-23T20:19:55,1000.0,debit,Yusuf Abubakar,2875830483,000013,transfer
cust_demo,2025-05-23T20:14:55,450.0,debit,Blessing Madu,8999381848,000012,transfer
cust_demo,2025-05-22T13:32:32,2500.0,debit,Ikenna Anyanwu,7932272375,000015,transfer
cust_demo,2025-05-20T08:32:43,470.0,debit,Matthew Okereke,,000015,data
cust_demo,2025-05-19T17:53:15,1400.0,debit,Ere-ebi Bekederemo,7616840836,000017,transfer
cust_demo,2025-05-19T16:21:05,1000.0,debit,John Okafor,4120429650,000013,transfer
cust_demo,2025-05-19T07:39:34,5000.0,debit,Wumi Ogunbanjo,5928406556,000018,transfer
cust_demo,2025-05-18T22:32:35,4470.0,debit,Damilola Ajayi,,000018,data
cust_demo,2025-05-18T15:49:31,2100.0,debit,Ahmad Sadiq,6533667765,000004,transfer
cust_demo,2025-05-18T14:26:30,1300.0,debit,Grace Adamu,1832134284,090267,transfer
cust_demo,2025-05-17T09:23:38,3000.0,debit,Damilola Ajayi,4654015989,000015,transfer
cust_demo,2025-05-16T20:35:47,300.0,debit,Damilola Ajayi,4654015989,000015,transfer
cust_demo,2025-05-16T16:14:13,2000.0,debit,Hadiza Mohammed,7311089949,000017,transfer
cust_demo,2025-05-15T19:17:51,750.0,debit,Blessing Madu,8999381848,000012,transfer
cust_demo,2025-05-14T07:50:13,4000.0,debit,Damilola Ajayi,4654015989,000015,transfer
cust_demo,2025-05-13T20:06:23,400.0,debit,Osayi Uwadia,5916959629,100033,transfer
cust_demo,2025-05-11T14:51:36,1500.0,debit,Zulaihat Ahmed,9825437060,000013,transfer
cust_demo,2025-05-10T21:19:07,4500.0,debit,Damilola Ajayi,4654015989,000015,transfer
cust_demo,2025-05-06T10:46:20,10000.0,debit,Damilola Ajayi,4654015989,000015,transfer
cust_demo,2025-05-05T13:32:18,15300.0,debit,Faith Uche,4160138353,000013,transfer
cust_demo,2025-05-04T20:25:32,12815.0,debit,Christiana Musa,7258421338,000013,uncategorized
cust_demo,2025-05-03T19:33:40,750.0,debit,Blessing Madu,8999381848,000012,transfer
cust_demo,2025-05-03T12:18:51,1509.0,debit,Deborah Garba,1292802016,000012,transfer
cust_demo,2025-05-02T08:38:42,5000.0,debit,Damilola Ajayi,4654015989,000015,transfer
cust_demo,2025-05-01T18:10:22,4500.0,debit,Matthew Okereke,,000015,data
cust_demo,2025-04-28T08:57:37,10000.0,debit,Damilola Ajayi,4654015989,000015,transfer
cust_demo,2025-04-26T21:09:45,1350.0,debit,Damilola Ajayi,4654015989,000015,transfer
cust_demo,2025-04-25T13:59:50,5000.0,debit,Damilola Ajayi,4654015989,000015,transfer
cust_demo,2025-04-20T21:18:12,9000.0,debit,Damilola Ajayi,4654015989,000015,transfer
cust_demo,2025-04-19T10:37:38,4900.0,debit,Damilola Ajayi,4654015989,000015,transfer
cust_demo,2025-04-17T21:24:17,450.0,debit,Matthew Okereke,,000015,data
cust_demo,2025-04-17T13:50:43,4470.0,debit,Matthew Okereke,,000015,airtime
cust_demo,2025-04-17T12:13:52,800.0,debit,John Okafor,4120429650,000013,transfer
cust_demo,2025-04-15T19:28:36,1000.0,debit,Ahmad Sadiq,5379627914,000004,transfer
cust_demo,2025-04-15T13:40:54,5200.0,debit,Christiana Musa,9384954219,000016,transfer
cust_demo,2025-04-12T08:03:38,5000.0,debit,Damilola Ajayi,4654015989,000015,transfer
cust_demo,2025-04-12T08:02:29,19900.0,credit,Sola Ogundipe,3686131324,000010,transfer
cust_demo,2025-04-05T13:45:36,10000.0,credit,Sola Ogundipe,3686131324,000010,transfer
cust_demo,2025-04-05T13:43:06,9000.0,debit,Esther Okonkwo,8019388086,000004,transfer
cust_demo,2025-04-01T17:11:23,4100.0,debit,Kayode Ilori,1831773708,000017,transfer
cust_demo,2025-04-01T08:53:51,2970.0,debit,Enivwenae Okoduwa,,000017,data
cust_demo,2025-03-28T08:35:18,4000.0,debit,Damilola Ajayi,4654015989,000015,transfer
cust_demo,2025-03-27T23:10:17,181400.0,credit,Sola Ogundipe,3686131324,000010,transfer
cust_demo,2025-03-27T13:16:04,1000.0,debit,Damilola Ajayi,4654015989,000015,transfer
cust_demo,2025-03-23T19:37:35,4970.0,debit,Matthew Okereke,,000015,data
cust_demo,2025-03-20T18:05:15,1000.0,debit,Wumi Ogunbanjo,5928406556,000018,transfer
cust_demo,2025-03-18T15:58:11,25000.0,debit,Osato Aigbe,0085432619,000010,transfer
cust_demo,2025-03-13T21:42:51,4997.0,debit,Tunde Bakare,,000010,data
cust_demo,2025-03-13T20:22:21,70.0,debit,Tunde Bakare,,000010,airtime
cust_demo,2025-03-12T15:27:05,300.0,debit,Jamila Aliyu,4292738700,000013,transfer
cust_demo,2025-03-09T20:46:23,1200.0,debit,Damilola Ajayi,4654015989,000015,transfer
cust_demo,2025-03-09T18:56:22,1400.0,debit,Yinka Balogun,2933619334,000014,transfer
cust_demo,2025-03-07T13:20:37,450.0,debit,Folake Adeyemi,,000014,data
cust_demo,2025-02-28T14:32:12,17000.0,debit,Damilola Ajayi,4654015989,000015,transfer
cust_demo,2025-02-27T21:47:42,2992.0,debit,Matthew Okereke,,000015,data
cust_demo,2025-02-26T14:48:48,19800.0,credit,Sola Ogundipe,3686131324,000010,transfer
cust_demo,2025-02-26T14:36:50,50000.0,credit,Sola Ogundipe,3686131324,000010,transfer
cust_demo,2025-02-26T12:28:11,1000.0,debit,Richard Aliyu,4924565540,000004,transfer
cust_demo,2025-02-22T13:14:40,15000.0,debit,Ovie Erhabor,4197967274,100004,transfer
cust_demo,2025-02-21T20:18:42,492.0,debit,Hadiza Mohammed,,100004,data
cust_demo,2025-02-21T08:38:53,4989.0,credit,Onyinye Madu,5820072827,100033,uncategorized
cust_demo,2025-02-19T12:21:49,497.0,debit,Rabiu Auwal,,100033,data
cust_demo,2025-02-17T20:15:25,95.0,debit,Rabiu Auwal,,100033,airtime
cust_demo,2025-02-15T18:15:15,345.0,debit,Rabiu Auwal,,100033,data
cust_demo,2025-02-12T22:26:01,347.0,debit,Rabiu Auwal,,100033,data
cust_demo,2025-02-12T08:31:25,270.0,debit,Doubra Kalio,8839120976,000015,transfer
cust_demo,2025-02-08T19:05:49,2300.0,debit,Matthew Okereke,9290494610,100004,transfer
cust_demo,2025-02-07T21:23:44,270.0,debit,Doubra Kalio,8839120976,000015,transfer
cust_demo,2025-02-06T17:12:34,98.0,debit,Matthew Okereke,,000015,airtime
cust_demo,2025-02-06T15:15:36,270.0,debit,Doubra Kalio,8839120976,000015,transfer
cust_demo,2025-02-05T22:27:27,270.0,debit,Doubra Kalio,8839120976,000015,transfer
cust_demo,2025-02-05T16:04:40,250.0,debit,Damilola Ajayi,4654015989,000015,transfer
cust_demo,2025-02-05T12:49:57,270.0,debit,Doubra Kalio,8839120976,000015,transfer
cust_demo,2025-02-05T12:42:01,20000.0,credit,Sola Ogundipe,3686131324,000010,transfer
cust_demo,2025-02-05T12:36:36,8989.0,debit,Christiana Musa,7258421338,000013,uncategorized
cust_demo,2025-02-05T12:30:43,4989.0,debit,Christiana Musa,7258421338,000013,uncategorized
cust_demo,2025-02-05T02:09:25,270.0,debit,Doubra Kalio,8839120976,000015,transfer
cust_demo,2025-02-05T00:12:59,270.0,debit,Doubra Kalio,8839120976,000015,transfer
cust_demo,2025-02-04T22:37:27,300.0,debit,Doubra Kalio,8839120976,000015,transfer
cust_demo,2025-02-04T14:25:56,260.0,debit,Doubra Kalio,8839120976,000015,transfer
cust_demo,2025-02-04T09:44:52,2000.0,debit,Wumi Ogunbanjo,5928406556,000018,transfer
cust_demo,2025-02-03T14:07:16,270.0,debit,Doubra Kalio,8839120976,000015,transfer
cust_demo,2025-02-02T18:37:22,1000.0,debit,Matthew Okereke,9290494610,100004,transfer
cust_demo,2025-02-02T18:17:14,1000.0,debit,Matthew Okereke,9290494610,100004,transfer
cust_demo,2025-02-02T17:59:19,270.0,debit,Doubra Kalio,8839120976,000015,transfer
cust_demo,2025-02-02T00:20:22,270.0,debit,Doubra Kalio,8839120976,000015,transfer
cust_demo,2025-01-31T17:30:53,5989.0,credit,Onyinye Madu,5820072827,100033,uncategorized
cust_demo,2025-01-30T18:12:21,100.0,debit,Rabiu Auwal,,100033,data
cust_demo,2025-01-30T18:05:50,270.0,debit,Doubra Kalio,8839120976,000015,transfer
cust_demo,2025-01-29T16:47:13,270.0,debit,Doubra Kalio,8839120976,000015,transfer
cust_demo,2025-01-28T01:36:53,100.0,debit,Matthew Okereke,,000015,data
cust_demo,2025-01-27T22:12:35,270.0,debit,Damilola Ajayi,4654015989,000015,transfer
cust_demo,2025-01-27T21:16:54,270.0,debit,Doubra Kalio,8839120976,000015,transfer
cust_demo,2025-01-27T12:49:19,270.0,debit,Doubra Kalio,8839120976,000015,transfer
cust_demo,2025-01-27T10:39:25,4000.0,debit,Chukwuka Oti,7949271242,000017,transfer
cust_demo,2025-01-26T18:17:48,700.0,debit,Khadija Abdullahi,4222224360,000018,transfer
cust_demo,2025-01-26T18:06:20,2900.0,debit,Matthew Okereke,9290494610,100004,transfer
cust_demo,2025-01-26T01:07:22,5989.0,debit,Christiana Musa,7258421338,000013,uncategorized
cust_demo,2025-01-25T10:19:02,269.0,debit,Doubra Kalio,8839120976,000015,transfer
cust_demo,2025-01-24T18:51:33,500.0,debit,Khadija Abdullahi,4222224360,000018,transfer
cust_demo,2025-01-24T13:49:01,4000.0,debit,Amina Suleiman,0960840715,000007,transfer
cust_demo,2025-01-24T13:24:59,300.0,debit,Wumi Ogunbanjo,9311377918,000007,transfer
cust_demo,2025-01-24T13:20:37,400.0,debit,Obioma Ejiofor,8026640810,000013,transfer
cust_demo,2025-01-22T14:49:18,200.0,debit,Ejike Anozie,,000013,data
cust_demo,2025-01-20T17:53:49,1400.0,debit,Khadija Abdullahi,4222224360,000018,transfer
cust_demo,2025-01-20T15:14:42,400.0,debit,Damilola Ajayi,,000018,data
cust_demo,2025-01-20T15:06:35,230.0,debit,Osayi Uwadia,2551629071,000016,transfer
cust_demo,2025-01-19T22:55:06,270.0,debit,Osayi Uwadia,2551629071,000016,transfer
cust_demo,2025-01-14T20:22:56,11900.0,credit,Sola Ogundipe,3686131324,000010,transfer
cust_demo,2025-01-14T08:25:24,10500.0,credit,Sola Ogundipe,3686131324,000010,transfer
cust_demo,2025-01-14T07:26:28,200.0,debit,Tunde Bakare,,000010,data
cust_demo,2025-01-14T07:20:11,270.0,debit,Osayi Uwadia,2551629071,000016,transfer
cust_demo,2025-01-13T11:56:27,400.0,debit,Folake Adeyemi,,000016,data
cust_demo,2025-01-13T11:23:36,10500.0,debit,Damilola Ajayi,4654015989,000015,transfer
cust_demo,2025-01-10T14:36:26,13900.0,debit,Damilola Ajayi,4654015989,000015,transfer
cust_demo,2025-01-09T09:56:17,19900.0,credit,Sola Ogundipe,3686131324,000010,transfer
cust_demo,2025-01-09T01:23:19,5980.0,debit,Christiana Musa,7258421338,000013,uncategorized
cust_demo,2025-01-01T14:50:16,1200.0,debit,Rukayya Danjuma,9827697648,100033,transfer
cust_demo,2024-12-30T17:22:02,40000.0,debit,Damilola Ajayi,4654015989,000015,transfer
cust_demo,2024-12-27T10:10:53,2400.0,debit,Damilola Ajayi,4654015989,000015,transfer
cust_demo,2024-12-26T17:41:05,1400.0,debit,Osaretin Igbinovia,9845376297,000015,transfer
cust_demo,2024-12-25T19:46:18,1600.0,debit,John Okafor,9863666330,000016,transfer
cust_demo,2024-12-25T14:56:53,1000.0,debit,Osayi Uwadia,2551629071,000016,transfer
cust_demo,2024-12-24T21:37:33,2000.0,debit,Andrew Okpara,9168470422,000014,transfer
cust_demo,2024-12-24T17:47:44,700.0,debit,Halima Musa,6233147315,000013,transfer
cust_demo,2024-12-24T15:30:13,2000.0,debit,Wumi Ogunbanjo,5928406556,000018,transfer
cust_demo,2024-12-23T17:56:04,270.0,debit,Osayi Uwadia,2551629071,000016,transfer
cust_demo,2024-12-23T17:13:30,50000.0,credit,Sola Ogundipe,3686131324,000010,transfer
cust_demo,2024-12-23T11:23:19,3000.0,debit,Umar Faruk,2863427707,000014,transfer
cust_demo,2024-12-22T03:49:02,80.0,debit,Folake Adeyemi,,000014,data
cust_demo,2024-12-20T09:40:54,1997.0,debit,Favour Ogbonna,8018496186,000018,uncategorized
cust_demo,2024-12-20T05:04:39,2000.0,credit,Sola Ogundipe,3686131324,000010,transfer
cust_demo,2024-12-19T18:52:14,97.0,debit,Tunde Bakare,,000010,airtime
cust_demo,2024-12-16T19:55:08,5000.0,debit,Kayode Ilori,1831773708,000017,transfer
cust_demo,2024-12-15T20:22:03,1603.0,debit,Damilola Ajayi,4654015989,000015,transfer
cust_demo,2024-12-15T18:05:56,2000.0,debit,Matthew Okereke,9290494610,100004,transfer
cust_demo,2024-12-15T17:44:32,1000.0,debit,Khadija Abdullahi,4222224360,000018,transfer
cust_demo,2024-12-15T12:28:02,97.0,debit,Damilola Ajayi,,000018,airtime
cust_demo,2024-12-15T12:27:22,100.0,debit,Damilola Ajayi,,000018,airtime
cust_demo,2024-12-15T12:25:13,5150.0,debit,Damilola Ajayi,4654015989,000015,transfer
cust_demo,2024-12-15T12:04:57,12000.0,credit,Sola Ogundipe,3686131324,000010,transfer
cust_demo,2024-12-11T19:46:14,145.0,debit,Tunde Bakare,,000010,data
cust_demo,2024-12-10T14:20:01,259.15,debit,Damilola Ajayi,4654015989,000015,transfer
cust_demo,2024-12-10T13:48:51,1000.0,debit,Wumi Ogunbanjo,9311377918,000007,transfer
cust_demo,2024-12-09T19:01:53,2750.0,debit,Matthew Okereke,9290494610,100004,transfer
cust_demo,2024-12-09T08:48:07,347.0,debit,Hadiza Mohammed,,100004,data
cust_demo,2024-12-09T08:47:34,1700.0,debit,Damilola Ajayi,4654015989,000015,transfer
cust_demo,2024-12-08T20:10:06,270.0,debit,Osayi Uwadia,2551629071,000016,transfer
cust_demo,2024-12-08T20:06:55,320.0,debit,Damilola Ajayi,4654015989,000015,transfer
cust_demo,2024-12-07T19:53:15,400.0,debit,Wumi Ogunbanjo,5928406556,000018,transfer
cust_demo,2024-12-07T18:24:18,270.0,debit,Osayi Uwadia,2551629071,000016,transfer
cust_demo,2024-12-07T11:49:52,270.0,debit,Osayi Uwadia,2551629071,000016,transfer
cust_demo,2024-12-06T19:11:30,97.0,debit,Folake Adeyemi,,000016,airtime
cust_demo,2024-12-06T16:08:16,270.0,debit,Osayi Uwadia,2551629071,000016,transfer
cust_demo,2024-12-05T17:42:39,3000.0,debit,Wumi Ogunbanjo,5928406556,000018,transfer
cust_demo,2024-12-05T14:18:56,270.0,debit,Osayi Uwadia,2551629071,000016,transfer
cust_demo,2024-12-03T15:24:27,6300.0,debit,Ngozi Eze,0299771455,000010,transfer
cust_demo,2024-12-03T13:56:15,3000.0,debit,Damilola Ajayi,4654015989,000015,transfer
cust_demo,2024-11-30T22:18:36,270.0,debit,Osayi Uwadia,2551629071,000016,transfer
cust_demo,2024-11-30T14:39:32,6500.0,debit,Ngozi Eze,0299771455,000010,transfer
cust_demo,2024-11-27T14:14:46,3676.0,debit,Damilola Ajayi,4654015989,000015,transfer
cust_demo,2024-11-26T21:15:18,265.0,debit,Osayi Uwadia,2551629071,000016,transfer
cust_demo,2024-11-26T19:57:38,94.0,debit,Folake Adeyemi,,000016,airtime
cust_demo,2024-11-24T16:19:23,270.0,debit,Osayi Uwadia,2551629071,000016,transfer
cust_demo,2024-11-23T13:33:05,265.0,debit,Osayi Uwadia,2551629071,000016,transfer
cust_demo,2024-11-23T09:57:37,400.0,debit,Ifeoma Nnamdi,0942046657,000016,transfer
cust_demo,2024-11-23T07:48:19,500.0,debit,Wumi Ogunbanjo,5928406556,000018,transfer
cust_demo,2024-11-22T18:55:41,180.0,debit,Damilola Ajayi,,000018,airtime
cust_demo,2024-11-21T20:46:01,560.0,debit,Osayi Uwadia,2551629071,000016,transfer
cust_demo,2024-11-21T10:13:41,1998.0,debit,Favour Ogbonna,8018496186,000018,uncategorized
cust_demo,2024-11-20T00:07:45,50.0,debit,Damilola Ajayi,,000018,data
cust_demo,2024-11-17T01:19:51,50.0,debit,Damilola Ajayi,,000018,data
cust_demo,2024-11-16T22:57:27,200.0,debit,Damilola Ajayi,,000018,data
cust_demo,2024-11-16T13:57:30,280.0,debit,Damilola Ajayi,,000018,data
cust_demo,2024-11-16T13:45:19,500.0,credit,Sola Ogundipe,3686131324,000010,transfer
cust_demo,2024-11-15T17:37:37,2500.0,debit,Matthew Okereke,9290494610,100004,transfer
cust_demo,2024-11-13T18:35:23,2000.0,debit,Matthew Okereke,9290494610,100004,transfer
cust_demo,2024-11-12T17:59:59,3000.0,debit,Wumi Ogunbanjo,5928406556,000018,transfer
cust_demo,2024-11-11T20:44:41,270.0,debit,Damilola Ajayi,4654015989,000015,transfer
cust_demo,2024-11-11T20:10:36,1300.0,debit,Favour Ogbonna,8018496186,000018,uncategorized
cust_demo,2024-11-02T13:15:22,549.0,debit,Damilola Ajayi,,000018,data
cust_demo,2024-11-02T03:00:55,47.0,debit,Damilola Ajayi,,000018,data
cust_demo,2024-11-01T21:30:25,100.0,credit,Sola Ogundipe,3686131324,000010,transfer
cust_demo,2024-10-30T15:45:40,300.0,debit,Damilola Ajayi,4654015989,000015,transfer
cust_demo,2024-10-30T13:02:16,200.0,debit,Damilola Ajayi,4654015989,000015,transfer
cust_demo,2024-10-29T14:50:08,500.0,debit,Damilola Ajayi,4654015989,000015,transfer
cust_demo,2024-10-26T20:11:20,1500.0,debit,Ifeoma Nnamdi,8565976310,000010,transfer
cust_demo,2024-10-26T08:27:37,415.0,debit,Damilola Ajayi,4654015989,000015,transfer
cust_demo,2024-10-24T17:58:25,7000.0,debit,Folake Adeyemi,3883009749,100004,transfer
cust_demo,2024-10-24T12:20:21,97.0,debit,Hadiza Mohammed,,100004,airtime
cust_demo,2024-10-24T12:19:03,99.0,debit,Hadiza Mohammed,,100004,airtime
cust_demo,2024-10-23T18:43:41,10000.0,debit,Folake Adeyemi,3883009749,100004,transfer
cust_demo,2024-10-23T14:21:51,4780.0,debit,Aisha Bello,1377245587,000012,transfer
cust_demo,2024-10-23T02:07:46,30.0,debit,Ivie Aghedo,,000012,data
cust_demo,2024-10-22T19:32:50,2000.0,debit,Favour Ogbonna,8018496186,000018,uncategorized
cust_demo,2024-10-21T04:39:15,22.0,debit,Damilola Ajayi,,000018,data
cust_demo,2024-10-20T17:48:21,100.0,debit,Damilola Ajayi,,000018,airtime
cust_demo,2024-10-17T16:19:17,11000.0,debit,Favour Ogbonna,8018496186,000018,uncategorized
cust_demo,2024-10-16T17:05:05,280.0,debit,Damilola Ajayi,,000018,data
cust_demo,2024-10-16T17:03:58,470.0,credit,Sola Ogundipe,3686131324,000010,transfer
cust_demo,2024-10-14T16:33:58,269.0,debit,Osayi Uwadia,2551629071,000016,transfer
cust_demo,2024-10-14T12:28:45,600.0,debit,Wumi Ogunbanjo,5928406556,000018,transfer
cust_demo,2024-10-14T06:27:09,1600.0,debit,Damilola Ajayi,4654015989,000015,transfer
cust_demo,2024-10-14T06:25:38,2800.0,debit,Doubra Kalio,9963910132,000007,transfer
cust_demo,2024-10-13T18:31:45,750.0,debit,Damilola Ajayi,4654015989,000015,transfer
cust_demo,2024-10-12T17:19:43,270.0,debit,Osayi Uwadia,2551629071,000016,transfer
cust_demo,2024-10-12T15:38:46,600.0,debit,Stephen Obi,0322544635,000012,transfer
cust_demo,2024-10-12T15:34:36,1000.0,debit,Balaraba Umaru,4484099091,000015,transfer
cust_demo,2024-10-12T09:41:54,269.0,debit,Osayi Uwadia,2551629071,000016,transfer
cust_demo,2024-10-11T10:21:47,270.0,debit,Osayi Uwadia,2551629071,000016,transfer
cust_demo,2024-10-10T14:18:16,1000.0,debit,Damilola Ajayi,4654015989,000015,transfer
cust_demo,2024-10-10T12:29:36,270.0,debit,Osayi Uwadia,2551629071,000016,transfer
cust_demo,2024-10-09T18:47:37,1200.0,debit,Damilola Ajayi,4654015989,000015,transfer
cust_demo,2024-10-09T15:34:52,6000.0,debit,Suoyo Amachree,7630091296,000016,transfer
cust_demo,2024-10-09T15:24:50,270.0,debit,Osayi Uwadia,2551629071,000016,transfer
cust_demo,2024-10-07T08:05:21,229.0,debit,Damilola Ajayi,4654015989,000015,transfer
cust_demo,2024-10-06T15:21:45,271.0,debit,Osayi Uwadia,2551629071,000016,transfer
cust_demo,2024-10-05T14:40:02,265.0,debit,Osayi Uwadia,2551629071,000016,transfer
cust_demo,2024-10-04T23:15:23,270.0,debit,Osayi Uwadia,2551629071,000016,transfer
cust_demo,2024-10-04T17:55:23,280.0,debit,Folake Adeyemi,,000016,data
cust_demo,2024-10-02T04:40:31,280.0,debit,Folake Adeyemi,,000016,data
cust_demo,2024-09-30T20:01:34,280.0,debit,Folake Adeyemi,,000016,data
cust_demo,2024-09-28T21:20:58,300.0,debit,Damilola Ajayi,4654015989,000015,transfer
cust_demo,2024-09-28T19:35:17,265.0,debit,Matthew Okereke,,000015,data
cust_demo,2024-09-28T17:28:32,999.0,debit,Favour Ogbonna,8018496186,000018,uncategorized
cust_demo,2024-09-28T03:35:47,100.0,debit,Damilola Ajayi,4654015989,000015,transfer
cust_demo,2024-09-27T19:38:20,280.0,debit,Matthew Okereke,,000015,data
cust_demo,2024-09-27T19:17:52,9920.0,debit,Enivwenae Okoduwa,7807962863,000017,transfer
cust_demo,2024-09-27T14:59:54,1500.0,debit,Favour Ogbonna,8018496186,000018,uncategorized
cust_demo,2024-09-27T08:21:04,12100.0,debit,Precious Eze,1187331486,000016,transfer
cust_demo,2024-09-24T23:04:27,109.0,debit,Damilola Ajayi,4654015989,000015,transfer
cust_demo,2024-09-17T15:10:43,200.0,debit,Matthew Okereke,,000015,data
cust_demo,2024-09-16T08:40:45,400.0,debit,Matthew Okereke,,000015,data
cust_demo,2024-09-16T08:38:47,109.0,credit,Hauwa Yakubu,7767025037,000001,uncategorized
cust_demo,2024-09-09T01:10:05,21.0,debit,Richard Aliyu,,000001,data
cust_demo,2024-09-05T00:05:24,50.0,debit,Richard Aliyu,,000001,data
cust_demo,2024-09-04T12:08:14,100.0,debit,Richard Aliyu,,000001,airtime
cust_demo,2024-09-03T18:23:13,8200.0,debit,Kemi Oyelaran,6487349291,000015,transfer
cust_demo,2024-09-03T18:22:32,2000.62,credit,Hauwa Yakubu,7767025037,000001,uncategorized
cust_demo,2024-09-03T18:07:31,6200.0,credit,Ayo Fagbemi,6973839540,000012,transfer
cust_demo,2024-09-03T08:03:14,2000.0,debit,Doubra Kalio,9963910132,000007,transfer
cust_demo,2024-09-02T11:11:46,3200.0,debit,Damilola Ajayi,4654015989,000015,transfer
cust_demo,2024-08-29T19:36:12,10700.0,debit,Favour Ogbonna,8018496186,000018,uncategorized
cust_demo,2024-08-29T08:04:33,106.0,debit,Damilola Ajayi,4654015989,000015,transfer
cust_demo,2024-08-17T17:48:04,47.0,debit,Matthew Okereke,,000015,data
cust_demo,2024-08-17T16:03:56,149.0,debit,Damilola Ajayi,4654015989,000015,transfer
cust_demo,2024-08-17T11:08:16,194.0,debit,Matthew Okereke,,000015,data
cust_demo,2024-08-16T10:00:58,350.0,debit,Matthew Okereke,,000015,data
cust_demo,2024-08-15T17:47:10,44.0,debit,Matthew Okereke,,000015,data
cust_demo,2024-08-15T09:10:59,132.0,debit,Damilola Ajayi,4654015989,000015,transfer
cust_demo,2024-08-14T16:43:36,97.0,debit,Matthew Okereke,,000015,airtime
cust_demo,2024-08-14T02:47:36,44.0,debit,Matthew Okereke,,000015,data
cust_demo,2024-08-13T10:06:16,285.0,debit,Osayi Uwadia,2551629071,000016,transfer
cust_demo,2024-08-13T09:42:56,200.0,debit,Balaraba Umaru,4484099091,000015,transfer
cust_demo,2024-08-12T04:34:02,100.0,debit,Damilola Ajayi,4654015989,000015,transfer
cust_demo,2024-08-10T12:45:38,1100.0,debit,Osayi Uwadia,5916959629,100033,transfer
cust_demo,2024-08-09T20:10:09,94.0,debit,Rabiu Auwal,,100033,airtime
cust_demo,2024-08-09T13:36:14,500.0,debit,Nasir Adamu,5371847953,000015,transfer
cust_demo,2024-08-09T09:35:14,200.0,debit,Osayi Uwadia,5916959629,100033,transfer
cust_demo,2024-08-03T08:36:55,529.0,debit,Damilola Ajayi,4654015989,000015,transfer
cust_demo,2024-08-02T21:57:08,100.0,debit,Osayi Uwadia,5916959629,100033,transfer
cust_demo,2024-08-02T19:16:09,132.0,debit,Damilola Ajayi,4654015989,000015,transfer
cust_demo,2024-08-02T09:25:10,600.0,debit,Precious Eze,8298491057,000017,transfer
cust_demo,2024-08-02T08:47:41,149.0,debit,Osayi Uwadia,2551629071,000016,transfer
cust_demo,2024-08-01T21:18:23,150.0,debit,Osayi Uwadia,5916959629,100033,transfer
cust_demo,2024-08-01T20:56:45,149.0,debit,Osayi Uwadia,2551629071,000016,transfer
cust_demo,2024-08-01T20:04:24,2000.0,debit,Amaka Chukwu,7056591769,000010,transfer
cust_demo,2024-08-01T19:56:02,400.0,debit,Yusuf Abubakar,2875830483,000013,transfer
cust_demo,2024-08-01T17:40:50,200.0,debit,James Adebayo,3814240769,000004,transfer
cust_demo,2024-08-01T17:34:17,1450.0,credit,Sola Ogundipe,3686131324,000010,transfer
cust_demo,2024-07-31T20:47:50,850.0,debit,Damilola Ajayi,4654015989,000015,transfer
cust_demo,2024-07-31T20:47:25,850.0,debit,Damilola Ajayi,4654015989,000015,transfer
cust_demo,2024-07-31T20:46:31,100.0,debit,Osayi Uwadia,5916959629,100033,transfer
cust_demo,2024-07-31T20:38:17,300.0,debit,Osayi Uwadia,5916959629,100033,transfer
cust_demo,2024-07-31T15:18:29,149.0,debit,Osayi Uwadia,2551629071,000016,transfer
cust_demo,2024-07-31T14:29:12,150.0,debit,Osayi Uwadia,5916959629,100033,transfer
cust_demo,2024-07-31T11:51:42,500.0,debit,Osayi Uwadia,5916959629,100033,transfer
cust_demo,2024-07-30T21:05:46,150.0,debit,Osayi Uwadia,5916959629,100033,transfer
cust_demo,2024-07-30T07:56:42,149.0,debit,Osayi Uwadia,2551629071,000016,transfer
cust_demo,2024-07-30T06:53:33,270.0,debit,Osayi Uwadia,2551629071,000016,transfer
cust_demo,2024-07-29T20:28:49,500.0,debit,Osayi Uwadia,5916959629,100033,transfer
cust_demo,2024-07-29T20:06:22,300.0,debit,Osayi Uwadia,5916959629,100033,transfer
cust_demo,2024-07-29T18:58:38,50.0,debit,Damilola Ajayi,4654015989,000015,transfer
cust_demo,2024-07-29T18:55:05,138.0,debit,Damilola Ajayi,4654015989,000015,transfer
cust_demo,2024-07-29T12:00:07,900.0,debit,Damilola Ajayi,4654015989,000015,transfer
cust_demo,2024-07-29T11:57:12,5000.0,debit,Wumi Ogunbanjo,5928406556,000018,transfer
cust_demo,2024-07-29T08:51:01,500.0,debit,Osayi Uwadia,5916959629,100033,transfer
cust_demo,2024-07-28T20:50:29,100.0,debit,Osayi Uwadia,5916959629,100033,transfer
cust_demo,2024-07-27T21:40:10,500.0,debit,Osayi Uwadia,5916959629,100033,transfer
cust_demo,2024-07-27T13:07:28,600.0,debit,Glory Umeh,2713245474,000016,transfer
cust_demo,2024-07-27T13:00:02,2100.0,credit,Ayo Fagbemi,6973839540,000012,transfer
cust_demo,2024-07-26T19:41:51,136.0,debit,Damilola Ajayi,4654015989,000015,transfer
cust_demo,2024-07-26T19:30:28,250.0,debit,Osayi Uwadia,5916959629,100033,transfer
cust_demo,2024-07-26T18:07:20,150.0,debit,Musa Ibrahim,0034172696,000014,transfer
cust_demo,2024-07-26T17:14:55,94.0,debit,Folake Adeyemi,,000014,airtime
cust_demo,2024-07-26T11:05:55,300.0,debit,Nasir Adamu,5371847953,000015,transfer
cust_demo,2024-07-25T20:58:15,50.0,debit,Osayi Uwadia,5916959629,100033,transfer
cust_demo,2024-07-24T19:09:45,1200.0,debit,Yusuf Abubakar,2875830483,000013,transfer
cust_demo,2024-07-24T14:48:08,300.0,debit,James Adebayo,1813252014,090267,transfer
cust_demo,2024-07-24T12:49:30,255.0,debit,Damilola Ajayi,4654015989,000015,transfer
cust_demo,2024-07-24T09:08:10,550.0,debit,Glory Umeh,2713245474,000016,transfer
cust_demo,2024-07-23T20:38:34,100.0,debit,Osayi Uwadia,5916959629,100033,transfer
cust_demo,2024-07-23T17:29:03,866.0,debit,Osayi Uwadia,2551629071,000016,transfer
cust_demo,2024-07-23T17:25:12,1000.0,debit,Wumi Ogunbanjo,5928406556,000018,transfer
cust_demo,2024-07-23T11:31:02,148.5,debit,Osayi Uwadia,2551629071,000016,transfer
cust_demo,2024-07-23T11:22:46,620.0,debit,Esther Okonkwo,4674936624,000004,transfer
cust_demo,2024-07-23T09:43:05,268.0,debit,Osayi Uwadia,2551629071,000016,transfer
cust_demo,2024-07-23T09:12:18,280.0,debit,Damilola Ajayi,4654015989,000015,transfer
cust_demo,2024-07-22T21:07:22,200.0,debit,Chiamaka Uche,0076642484,000012,transfer
cust_demo,2024-07-22T20:53:40,100.0,debit,Osayi Uwadia,5916959629,100033,transfer
cust_demo,2024-07-22T18:05:22,200.0,debit,Dele Adegoke,6439723790,000014,transfer
cust_demo,2024-07-22T15:03:41,148.0,debit,Osayi Uwadia,2551629071,000016,transfer
cust_demo,2024-07-22T14:44:58,132.0,debit,Damilola Ajayi,4654015989,000015,transfer
cust_demo,2024-07-22T14:34:37,200.0,debit,Ere-ebi Bekederemo,9055874716,000017,transfer
cust_demo,2024-07-22T11:22:13,370.0,debit,John Okafor,4120429650,000013,transfer
cust_demo,2024-07-20T14:25:46,394.0,debit,Ejike Anozie,,000013,data
cust_demo,2024-07-20T13:45:23,133.0,debit,Osayi Uwadia,2551629071,000016,transfer
cust_demo,2024-07-18T16:21:31,1100.0,debit,Diepiriye Fubara,6554995580,000014,transfer
cust_demo,2024-07-18T04:24:50,25.0,debit,Folake Adeyemi,,000014,data
cust_demo,2024-07-18T03:52:57,25.0,debit,Folake Adeyemi,,000014,data
cust_demo,2024-07-17T07:22:20,100.0,debit,Folake Adeyemi,,000014,airtime
cust_demo,2024-07-17T07:05:39,3297.0,debit,Ifeoma Nnamdi,4652230522,000015,uncategorized
cust_demo,2024-07-16T21:27:29,375.0,debit,Osayi Uwadia,2551629071,000016,transfer
cust_demo,2024-07-16T14:24:41,250.0,debit,Osayi Uwadia,5916959629,100033,transfer
cust_demo,2024-07-16T08:39:05,1800.0,debit,Osayi Uwadia,5916959629,100033,transfer
cust_demo,2024-07-15T21:29:46,150.0,debit,Osayi Uwadia,5916959629,100033,transfer
cust_demo,2024-07-15T09:02:44,800.0,debit,Charles Nnaji,4622145043,000001,transfer
cust_demo,2024-07-14T22:17:46,500.0,debit,Osayi Uwadia,5916959629,100033,transfer
cust_demo,2024-07-14T21:48:36,100.0,debit,Osayi Uwadia,5916959629,100033,transfer
cust_demo,2024-07-14T20:05:49,800.0,debit,Damilola Ajayi,4654015989,000015,transfer
cust_demo,2024-07-14T19:19:13,10.0,debit,Osayi Uwadia,2551629071,000016,transfer
cust_demo,2024-07-14T19:12:23,1160.0,debit,Osayi Uwadia,2551629071,000016,transfer
cust_demo,2024-07-14T19:05:11,1000.0,debit,Khadija Abdullahi,4222224360,000018,transfer
cust_demo,2024-07-13T22:28:36,134.0,debit,Osayi Uwadia,2551629071,000016,transfer
cust_demo,2024-07-13T13:08:03,44.0,debit,Folake Adeyemi,,000016,data
cust_demo,2024-07-13T07:33:16,392.0,debit,Osayi Uwadia,2551629071,000016,transfer
cust_demo,2024-07-12T21:23:37,100.0,debit,Osayi Uwadia,5916959629,100033,transfer
cust_demo,2024-07-12T20:33:34,350.0,debit,Bashir Lawal,4015379874,000013,transfer
cust_demo,2024-07-12T13:02:56,300.0,debit,James Adebayo,3814240769,000004,transfer
cust_demo,2024-07-12T02:23:23,420.0,debit,Osayi Uwadia,2551629071,000016,transfer
cust_demo,2024-07-11T20:35:56,300.0,debit,Osayi Uwadia,5916959629,100033,transfer
cust_demo,2024-07-11T20:00:24,1400.0,debit,Damilola Ajayi,4654015989,000015,transfer
cust_demo,2024-07-11T10:00:58,142.0,debit,Osayi Uwadia,2551629071,000016,transfer
cust_demo,2024-07-10T17:43:29,244.0,debit,Osayi Uwadia,2551629071,000016,transfer
cust_demo,2024-07-10T12:34:30,145.0,debit,Osayi Uwadia,2551629071,000016,transfer
cust_demo,2024-07-10T12:20:39,400.0,debit,Osayi Uwadia,5916959629,100033,transfer
cust_demo,2024-07-10T11:02:10,245.0,debit,Osayi Uwadia,2551629071,000016,transfer
cust_demo,2024-07-09T19:54:19,500.0,debit,Osayi Uwadia,5916959629,100033,transfer
cust_demo,2024-07-08T09:47:52,134.0,debit,Damilola Ajayi,4654015989,000015,transfer
cust_demo,2024-07-08T09:47:20,80.0,debit,Matthew Okereke,,000015,airtime
cust_demo,2024-07-08T01:09:33,110.0,debit,Osayi Uwadia,2551629071,000016,transfer
cust_demo,2024-07-07T18:09:30,300.0,debit,Chiamaka Uche,0076642484,000012,transfer
cust_demo,2024-07-07T16:19:17,4000.0,debit,Lekan Odutola,4588994407,000007,transfer
cust_demo,2024-07-07T15:04:58,250.0,debit,Osayi Uwadia,5916959629,100033,transfer
cust_demo,2024-07-07T14:33:12,490.0,debit,Osayi Uwadia,2551629071,000016,transfer
cust_demo,2024-07-06T20:07:43,300.0,debit,Osayi Uwadia,5916959629,100033,transfer
cust_demo,2024-07-06T18:46:36,149.0,debit,Osayi Uwadia,2551629071,000016,transfer
cust_demo,2024-07-06T17:35:18,241.0,debit,Osayi Uwadia,2551629071,000016,transfer
cust_demo,2024-07-06T13:07:43,300.0,debit,Osayi Uwadia,5916959629,100033,transfer
cust_demo,2024-07-06T04:43:13,245.0,debit,Osayi Uwadia,2551629071,000016,transfer
cust_demo,2024-07-06T02:47:00,100.0,debit,Damilola Ajayi,4654015989,000015,transfer
cust_demo,2024-07-06T00:20:33,275.0,debit,Osayi Uwadia,2551629071,000016,transfer
cust_demo,2024-07-04T20:29:51,234.5,debit,Osayi Uwadia,2551629071,000016,transfer
cust_demo,2024-07-04T19:41:52,250.0,debit,Osayi Uwadia,5916959629,100033,transfer
cust_demo,2024-07-04T18:11:28,246.0,debit,Osayi Uwadia,2551629071,000016,transfer
cust_demo,2024-07-04T01:37:19,50.0,debit,Folake Adeyemi,,000016,data
cust_demo,2024-07-04T00:56:54,25.0,debit,Folake Adeyemi,,000016,data
cust_demo,2024-07-04T00:18:37,600.0,debit,Folake Adeyemi,,000016,data
cust_demo,2024-07-04T00:17:18,100.0,debit,Folake Adeyemi,,000016,airtime
cust_demo,2024-07-03T19:36:50,300.0,debit,Osayi Uwadia,5916959629,100033,transfer
cust_demo,2024-07-03T11:16:39,100.0,debit,Osayi Uwadia,5916959629,100033,transfer
cust_demo,2024-07-01T09:45:03,400.0,debit,Precious Eze,0661141481,000018,transfer
cust_demo,2024-07-01T08:10:03,99.0,debit,Damilola Ajayi,,000018,airtime
cust_demo,2024-06-30T20:06:11,450.0,debit,Osayi Uwadia,5916959629,100033,transfer
cust_demo,2024-06-30T10:34:27,124.0,debit,Osayi Uwadia,2551629071,000016,transfer
cust_demo,2024-06-29T12:22:29,140.0,debit,Osayi Uwadia,2551629071,000016,transfer
cust_demo,2024-06-29T10:30:40,1400.0,debit,Osayi Uwadia,5916959629,100033,transfer
cust_demo,2024-06-27T13:48:36,150.0,debit,Lekan Odutola,2497183070,000013,transfer
cust_demo,2024-06-26T21:45:35,400.0,debit,Osayi Uwadia,5916959629,100033,transfer
cust_demo,2024-06-26T17:46:23,200.0,debit,Dele Adegoke,6439723790,000014,transfer
cust_demo,2024-06-26T16:11:34,200.0,debit,Dele Adegoke,6439723790,000014,transfer
cust_demo,2024-06-26T10:30:57,350.0,debit,Francis Chukwuemeka,7655072245,000001,transfer
cust_demo,2024-06-26T10:24:21,1500.0,credit,Ayo Fagbemi,6973839540,000012,transfer
cust_demo,2024-06-26T00:02:42,25.0,debit,Ivie Aghedo,,000012,data
cust_demo,2024-06-25T19:14:25,49.0,debit,Ivie Aghedo,,000012,data
cust_demo,2024-06-25T00:27:31,50.0,debit,Ivie Aghedo,,000012,data
cust_demo,2024-06-24T23:57:09,18.0,debit,Ivie Aghedo,,000012,data
cust_demo,2024-06-24T10:47:25,100.0,debit,Ivie Aghedo,,000012,data
cust_demo,2024-06-24T10:25:05,246.0,debit,Osayi Uwadia,2551629071,000016,transfer
cust_demo,2024-06-24T10:23:12,200.0,debit,James Adebayo,3814240769,000004,transfer
cust_demo,2024-06-24T05:57:44,100.0,debit,Adaeze Okafor,,000004,data
cust_demo,2024-06-24T00:09:53,13.0,debit,Adaeze Okafor,,000004,data
cust_demo,2024-06-23T20:27:22,350.0,debit,Osayi Uwadia,5916959629,100033,transfer
cust_demo,2024-06-23T18:58:54,100.0,debit,Rabiu Auwal,,100033,data
cust_demo,2024-06-23T15:03:11,100.0,debit,Sylva Amakiri,4115572438,000001,transfer
cust_demo,2024-06-22T21:50:46,25.0,debit,Richard Aliyu,,000001,data
cust_demo,2024-06-21T22:10:01,50.0,debit,Richard Aliyu,,000001,data
cust_demo,2024-06-20T23:54:22,25.0,debit,Richard Aliyu,,000001,data
cust_demo,2024-06-20T21:05:50,500.0,debit,Damilola Ajayi,4654015989,000015,transfer
cust_demo,2024-06-20T15:55:23,150.0,debit,Francis Chukwuemeka,7655072245,000001,transfer
cust_demo,2024-06-19T21:13:41,8300.0,debit,Wumi Ogunbanjo,5928406556,000018,transfer
cust_demo,2024-06-18T14:36:32,100.0,debit,Damilola Ajayi,,000018,airtime
cust_demo,2024-06-17T21:29:16,320.0,debit,Damilola Ajayi,4654015989,000015,transfer
cust_demo,2024-06-17T20:49:51,250.0,debit,Bashir Lawal,4015379874,000013,transfer
cust_demo,2024-06-17T14:25:45,350.0,debit,Bashir Lawal,4015379874,000013,transfer
cust_demo,2024-06-16T20:59:14,1100.0,debit,Osayi Uwadia,5916959629,100033,transfer
cust_demo,2024-06-16T15:42:34,243.0,debit,Doubra Kalio,8839120976,000015,transfer
cust_demo,2024-06-16T15:02:48,2000.0,debit,Damilola Ajayi,4654015989,000015,transfer
cust_demo,2024-06-16T14:48:44,450.0,debit,Bashir Lawal,4015379874,000013,transfer
cust_demo,2024-06-16T07:04:40,132.0,debit,Doubra Kalio,8839120976,000015,transfer
cust_demo,2024-06-15T20:10:44,300.0,debit,Osayi Uwadia,5916959629,100033,transfer
cust_demo,2024-06-15T18:25:16,246.0,debit,Doubra Kalio,8839120976,000015,transfer
cust_demo,2024-06-15T00:34:40,100.0,debit,Damilola Ajayi,4654015989,000015,transfer
cust_demo,2024-06-14T16:00:25,244.0,debit,Doubra Kalio,8839120976,000015,transfer
cust_demo,2024-06-14T09:55:46,350.0,debit,Bashir Lawal,4015379874,000013,transfer
cust_demo,2024-06-14T08:10:38,1100.0,debit,Blessing Ogboru,1553462792,000004,transfer
cust_demo,2024-06-14T05:56:59,244.0,debit,Doubra Kalio,8839120976,000015,transfer
cust_demo,2024-06-13T22:03:46,600.0,debit,Matthew Okereke,,000015,airtime
cust_demo,2024-06-13T20:15:12,200.0,debit,Bashir Lawal,4015379874,000013,transfer
cust_demo,2024-06-13T18:56:47,1500.0,debit,Damilola Ajayi,4654015989,000015,transfer
cust_demo,2024-06-13T14:14:33,90.0,debit,Damilola Ajayi,4654015989,000015,transfer
cust_demo,2024-06-13T10:13:11,100.0,debit,Osayi Uwadia,5916959629,100033,transfer
cust_demo,2024-06-12T22:10:44,100.0,debit,Osayi Uwadia,5916959629,100033,transfer
cust_demo,2024-06-12T20:50:16,300.0,debit,Osayi Uwadia,5916959629,100033,transfer
cust_demo,2024-06-12T17:25:50,246.0,debit,Doubra Kalio,8839120976,000015,transfer
cust_demo,2024-06-11T16:58:45,150.0,debit,Obinna Eze,2646129421,000016,transfer
cust_demo,2024-06-11T12:27:10,227.0,debit,Doubra Kalio,8839120976,000015,transfer
cust_demo,2024-06-11T08:37:55,294.0,debit,Matthew Okereke,,000015,airtime
cust_demo,2024-06-10T20:56:12,400.0,debit,Osayi Uwadia,5916959629,100033,transfer
cust_demo,2024-06-10T18:50:27,97.0,debit,Rabiu Auwal,,100033,airtime
cust_demo,2024-06-07T19:08:46,250.0,debit,Osayi Uwadia,5916959629,100033,transfer
cust_demo,2024-06-04T14:31:37,200.0,debit,Precious Eze,0661141481,000018,transfer
cust_demo,2024-06-04T14:20:24,351.23,debit,Damilola Ajayi,4654015989,000015,transfer
cust_demo,2024-06-02T17:47:16,200.0,debit,Matthew Okereke,,000015,data
cust_demo,2024-06-02T15:20:33,180.0,debit,Damilola Ajayi,4654015989,000015,transfer
cust_demo,2024-06-02T11:58:52,300.0,debit,Matthew Okereke,,000015,airtime
cust_demo,2024-06-01T13:59:35,2500.0,debit,Damilola Ajayi,4654015989,000015,transfer
cust_demo,2024-06-01T10:38:00,242.0,debit,Doubra Kalio,8839120976,000015,transfer
cust_demo,2024-06-01T10:30:02,236.0,debit,Doubra Kalio,8839120976,000015,transfer
cust_demo,2024-05-29T15:25:09,246.0,debit,Doubra Kalio,8839120976,000015,transfer
cust_demo,2024-05-22T11:17:06,84.0,debit,Damilola Ajayi,4654015989,000015,transfer
cust_demo,2024-05-16T06:43:34,600.0,debit,Sani Usman,4714821941,000016,uncategorized
cust_demo,2024-05-16T06:42:29,45.0,debit,Damilola Ajayi,4654015989,000015,transfer
cust_demo,2024-05-14T02:07:44,81.32,debit,Damilola Ajayi,4654015989,000015,transfer
cust_demo,2024-05-13T16:27:10,93.0,debit,Sani Usman,4714821941,000016,uncategorized
cust_demo,2024-05-07T20:07:41,90.0,debit,Sani Usman,4714821941,000016,uncategorized
cust_demo,2024-05-06T21:45:48,286.0,debit,Doubra Kalio,8839120976,000015,transfer
cust_demo,2024-05-05T14:41:20,1600.0,debit,Obioma Ejiofor,5234433290,000014,transfer
cust_demo,2024-05-04T19:42:19,400.0,debit,Sani Usman,4714821941,000016,uncategorized
cust_demo,2024-05-04T16:13:34,2000.0,credit,Ayo Fagbemi,6973839540,000012,transfer
cust_demo,2024-05-03T20:23:30,100.0,debit,Ivie Aghedo,,000012,airtime
cust_demo,2024-05-03T01:03:31,42.0,debit,Ivie Aghedo,,000012,data
cust_demo,2024-05-03T00:08:00,13.0,debit,Ivie Aghedo,,000012,data
cust_demo,2024-05-01T12:29:30,520.0,credit,Sola Ogundipe,3686131324,000010,transfer
cust_demo,2024-04-23T19:52:27,1600.0,debit,Damilola Ajayi,4654015989,000015,transfer
cust_demo,2024-04-22T21:02:45,450.0,debit,Chiamaka Uche,0076642484,000012,transfer
cust_demo,2024-04-22T12:47:49,246.0,debit,Doubra Kalio,8839120976,000015,transfer
cust_demo,2024-04-22T08:17:38,993.0,debit,Matthew Okereke,,000015,airtime
cust_demo,2024-04-22T07:52:40,246.0,debit,Doubra Kalio,8839120976,000015,transfer
cust_demo,2024-04-20T13:42:57,100.0,debit,Matthew Okereke,,000015,data
cust_demo,2024-04-19T11:39:29,298.0,debit,Matthew Okereke,,000015,data
cust_demo,2024-04-18T12:59:24,88.0,debit,Matthew Okereke,,000015,data
cust_demo,2024-04-18T10:14:14,100.0,debit,Matthew Okereke,,000015,airtime
cust_demo,2024-04-18T09:31:01,746.0,debit,Damilola Ajayi,4654015989,000015,transfer
cust_demo,2024-04-16T13:30:14,166.0,debit,Doubra Kalio,8839120976,000015,transfer
cust_demo,2024-04-16T11:52:25,100.0,debit,Doubra Kalio,8839120976,000015,transfer
cust_demo,2024-04-16T10:17:32,236.0,debit,Doubra Kalio,8839120976,000015,transfer
cust_demo,2024-04-16T10:13:24,336.0,credit,Sola Ogundipe,3686131324,000010,transfer
cust_demo,2024-04-14T13:12:28,1.0,debit,Sani Usman,4714821941,000016,uncategorized
cust_demo,2024-04-14T12:08:12,88.0,debit,Folake Adeyemi,,000016,airtime
cust_demo,2024-04-05T14:03:31,95.0,debit,Damilola Ajayi,4654015989,000015,transfer
cust_demo,2024-04-05T13:51:33,10.0,debit,Doubra Kalio,8839120976,000015,transfer
cust_demo,2024-04-05T03:54:29,100.0,debit,Matthew Okereke,,000015,airtime
cust_demo,2024-04-05T01:36:52,500.0,debit,Doubra Kalio,8839120976,000015,transfer
cust_demo,2024-03-25T10:24:05,1500.0,debit,Damilola Ajayi,4654015989,000015,transfer
cust_demo,2024-03-25T09:58:16,1500.0,credit,Sola Ogundipe,3686131324,000010,transfer
cust_demo,2024-03-24T20:38:17,300.0,debit,Doubra Kalio,8839120976,000015,transfer
cust_demo,2024-03-24T12:40:29,90.0,debit,Matthew Okereke,,000015,airtime
cust_demo,2024-03-22T15:42:57,200.0,debit,Umar Faruk,5935142820,000015,transfer
cust_demo,2024-03-22T15:34:23,600.0,debit,Precious Eze,0661141481,000018,transfer
cust_demo,2024-03-19T20:33:29,100.0,debit,Doubra Kalio,8839120976,000015,transfer
cust_demo,2024-03-19T20:32:21,500.0,debit,Gbenga Alabi,2902169671,000017,transfer
cust_demo,2024-03-19T14:27:05,550.0,credit,Sola Ogundipe,3686131324,000010,transfer
cust_demo,2024-03-13T18:47:55,500.0,debit,Tunde Bakare,,000010,data
cust_demo,2024-03-13T18:30:24,57.0,debit,Damilola Ajayi,4654015989,000015,transfer
cust_demo,2024-03-13T18:29:52,50.0,debit,Chinwe Okpara,9435754626,090267,uncategorized
cust_demo,2024-03-13T07:56:13,50.0,debit,Doubra Kalio,8839120976,000015,transfer
cust_demo,2024-03-13T07:55:13,100.0,credit,Sola Ogundipe,3686131324,000010,transfer
cust_demo,2024-03-12T16:10:55,7000.0,debit,Kayode Ilori,1130289921,000013,transfer
cust_demo,2024-03-12T16:08:45,100.0,debit,Chinwe Okpara,9435754626,090267,uncategorized
cust_demo,2024-03-11T17:40:20,400.0,debit,Blessing Okoro,3389198337,000015,transfer
cust_demo,2024-03-11T17:35:52,300.0,debit,Toyin Oyewole,3096560176,000004,transfer
cust_demo,2024-02-29T15:16:27,500.0,debit,Damilola Ajayi,4654015989,000015,transfer
cust_demo,2024-02-28T19:46:15,400.0,debit,Femi Sowande,0364303694,000004,transfer
cust_demo,2024-02-28T19:46:27,1.0,credit,Sani Usman,4569220939,000015,uncategorized
cust_demo,2024-02-27T10:42:46,7000.0,credit,Sola Ogundipe,3686131324,000010,transfer
cust_demo,2024-02-15T17:06:09,179.0,debit,Tunde Bakare,,000010,data
cust_demo,2024-02-09T11:56:49,500.0,debit,Tunde Bakare,,000010,airtime
cust_demo,2024-02-08T00:22:44,19.0,debit,Tunde Bakare,,000010,data
cust_demo,2024-02-07T22:30:49,80.0,debit,Damilola Ajayi,4654015989,000015,transfer
cust_demo,2024-02-07T21:59:46,100.0,debit,Damilola Ajayi,4654015989,000015,transfer
cust_demo,2024-02-07T16:46:41,94.0,debit,Matthew Okereke,,000015,airtime
cust_demo,2024-02-06T10:03:03,600.0,debit,Damilola Ajayi,4654015989,000015,transfer
cust_demo,2024-02-06T10:00:50,120.0,debit,Damilola Ajayi,4654015989,000015,transfer
cust_demo,2024-02-06T09:43:47,600.0,debit,Idris Kabir,5491216147,000001,transfer
cust_demo,2024-02-05T21:46:52,1500.0,debit,Toyin Oyewole,2288488635,000013,transfer
cust_demo,2024-02-05T21:43:28,1650.0,debit,Aisha Bello,0753856355,000018,transfer
cust_demo,2024-02-05T21:22:29,600.0,debit,Osayi Uwadia,5916959629,100033,transfer
cust_demo,2024-02-05T07:37:25,600.0,debit,Jamila Aliyu,5557553586,000013,transfer
cust_demo,2024-02-03T17:58:27,6000.0,credit,Amaka Chukwu,5999370236,000007,transfer
cust_demo,2024-01-31T14:04:07,77.0,debit,Ronke Fagbenle,,000007,airtime
cust_demo,2024-01-29T15:55:44,100.0,debit,Damilola Ajayi,4654015989,000015,transfer
cust_demo,2024-01-27T08:25:33,2200.0,debit,Damilola Ajayi,4654015989,000015,transfer
cust_demo,2024-01-25T10:37:43,350.0,debit,Matthew Okereke,,000015,data
cust_demo,2024-01-25T07:54:01,350.0,debit,Matthew Okereke,,000015,data
cust_demo,2024-01-25T07:41:13,500.0,debit,Matthew Okereke,,000015,data
cust_demo,2024-01-24T17:30:44,3000.0,credit,Sola Ogundipe,3686131324,000010,transfer
cust_demo,2024-01-19T00:35:50,55.0,debit,Damilola Ajayi,4654015989,000015,transfer
cust_demo,2024-01-14T20:09:31,100.0,debit,Matthew Okereke,,000015,airtime
cust_demo,2024-01-13T22:30:14,56.0,debit,Damilola Ajayi,4654015989,000015,transfer
cust_demo,2024-01-13T22:29:17,56.0,credit,Hauwa Yakubu,7767025037,000001,uncategorized
cust_demo,2024-01-13T22:21:24,45.0,debit,Damilola Ajayi,4654015989,000015,transfer
cust_demo,2024-01-12T23:58:17,578.13,debit,Zulaihat Ahmed,6586587725,000016,transfer
cust_demo,2024-01-12T18:42:21,6000.0,debit,Obinna Eze,8769018263,090267,transfer
cust_demo,2024-01-06T18:43:39,5000.0,credit,Sola Ogundipe,3686131324,000010,transfer
cust_demo,2023-12-19T19:32:44,120.0,debit,Damilola Ajayi,4654015989,000015,transfer
cust_demo,2023-11-01T21:06:05,5000.0,debit,Uche Okonkwo,8300766985,100004,transfer
cust_demo,2023-11-01T19:18:39,1580.0,debit,Chinwe Okpara,2025949776,000010,transfer
cust_demo,2023-11-01T11:50:57,44500.0,debit,Precious Eze,3948385108,100033,transfer
cust_demo,2023-10-29T17:44:57,8000.0,debit,Ifeoma Nnamdi,3550490245,000001,transfer
cust_demo,2023-10-29T09:26:48,1000.0,debit,Damilola Ajayi,4654015989,000015,transfer
cust_demo,2023-10-28T17:04:05,400.0,debit,Yemi Owolabi,9426773137,000016,transfer
cust_demo,2023-10-28T16:54:44,100.0,debit,Toyin Oyewole,8034031391,100033,transfer
cust_demo,2023-10-27T14:06:12,2000.0,debit,Yinka Balogun,9644855044,000007,transfer
cust_demo,2023-10-27T12:53:29,94.0,debit,Ronke Fagbenle,,000007,airtime
cust_demo,2023-10-26T20:46:37,420.0,debit,Damilola Ajayi,4654015989,000015,transfer
cust_demo,2023-10-25T22:39:28,1.0,debit,Sani Usman,4714821941,000016,uncategorized
cust_demo,2023-10-25T15:54:51,188.0,debit,Folake Adeyemi,,000016,airtime
cust_demo,2023-10-25T14:30:40,1000.0,debit,Damilola Ajayi,4654015989,000015,transfer
cust_demo,2023-10-25T12:24:52,270.0,debit,Damilola Ajayi,4654015989,000015,transfer
cust_demo,2023-10-24T20:13:10,1900.0,credit,Sola Ogundipe,3686131324,000010,transfer
cust_demo,2023-10-24T15:09:03,2000.0,debit,Damilola Ajayi,4654015989,000015,transfer
cust_demo,2023-10-24T10:25:42,578.13,debit,Zulaihat Ahmed,6586587725,000016,transfer
cust_demo,2023-10-24T08:59:00,2100.0,debit,Ejike Anozie,9336832707,000001,transfer
cust_demo,2023-10-23T15:49:27,100.0,debit,Richard Aliyu,,000001,airtime
cust_demo,2023-10-23T15:46:00,4000.0,debit,Chinwe Okpara,2025949776,000010,transfer
cust_demo,2023-10-22T15:58:05,1100.0,debit,Damilola Ajayi,4654015989,000015,transfer
cust_demo,2023-10-22T15:57:25,100.0,debit,Chinwe Okpara,2025949776,000010,transfer
cust_demo,2023-10-20T14:47:20,1000.0,debit,Christiana Musa,4980618930,000015,transfer
cust_demo,2023-10-19T19:18:11,650.0,debit,Chinwe Okpara,2025949776,000010,transfer
cust_demo,2023-10-19T10:32:26,5000.0,debit,Doubra Kalio,3776076833,000007,transfer
cust_demo,2023-10-17T18:53:39,4380.0,debit,Christiana Musa,4980618930,000015,transfer
cust_demo,2023-10-16T19:58:54,5000.0,debit,Ngozi Eze,0975606479,000004,transfer
cust_demo,2023-10-14T09:52:42,5000.0,credit,Sola Ogundipe,3686131324,000010,transfer
cust_demo,2023-10-14T09:49:41,5000.0,debit,Daniel Ogunleye,0228284964,000001,transfer
cust_demo,2023-10-14T09:44:06,25000.78,debit,Chinwe Okpara,9435754626,090267,uncategorized
cust_demo,2023-10-14T09:35:35,25000.0,credit,Sola Ogundipe,3686131324,000010,transfer
cust_demo,2023-09-13T07:01:14,100.0,debit,Tunde Bakare,,000010,airtime
cust_demo,2023-09-12T17:16:48,1100.0,credit,Sola Ogundipe,3686131324,000010,transfer
cust_demo,2023-09-06T15:12:19,4000.0,debit,Amina Suleiman,3296261694,000018,transfer
cust_demo,2023-09-06T15:11:33,4000.0,credit,Sola Ogundipe,3686131324,000010,transfer
cust_demo,2023-09-06T10:40:32,1500.0,debit,Damilola Ajayi,4654015989,000015,transfer
cust_demo,2023-09-05T20:58:57,1500.0,credit,Efosa Idahosa,6671423745,100033,transfer
cust_demo,2023-09-04T17:15:47,5000.0,debit,Blessing Okoro,9604199216,000014,transfer
cust_demo,2023-09-04T17:12:23,5000.0,credit,Sola Ogundipe,3686131324,000010,transfer
cust_demo,2023-09-03T23:14:21,370.0,debit,Damilola Ajayi,4654015989,000015,transfer
cust_demo,2023-09-03T23:10:41,8600.0,debit,Blessing Okoro,9604199216,000014,transfer
cust_demo,2023-09-03T23:09:10,14500.0,debit,Christiana Musa,4980618930,000015,transfer
cust_demo,2023-09-03T08:21:31,5000.0,credit,Sola Ogundipe,3686131324,000010,transfer
cust_demo,2023-09-03T08:02:03,3100.0,credit,Tayo Akinyemi,2451550495,100004,uncategorized
cust_demo,2023-09-02T21:47:17,100.0,debit,Hadiza Mohammed,,100004,data
cust_demo,2023-09-02T19:10:13,3100.0,credit,Sola Ogundipe,3686131324,000010,transfer
cust_demo,2023-09-02T18:25:25,550.0,debit,Musa Ibrahim,6380616926,000004,transfer
cust_demo,2023-09-02T17:19:45,3000.0,debit,Ovie Erhabor,4729869452,000010,transfer
cust_demo,2023-09-02T17:15:03,4600.0,debit,Blessing Okoro,9604199216,000014,transfer
cust_demo,2023-09-02T17:13:10,23600.0,credit,Sola Ogundipe,3686131324,000010,transfer
cust_demo,2023-08-30T08:54:57,8000.0,debit,Blessing Okoro,9604199216,000014,transfer
cust_demo,2023-08-30T04:15:37,8000.0,credit,Sola Ogundipe,3686131324,000010,transfer
cust_demo,2023-08-29T20:17:21,130.0,debit,Blessing Okoro,9604199216,000014,transfer
cust_demo,2023-08-29T20:16:30,120.0,debit,Christiana Musa,4980618930,000015,transfer
cust_demo,2023-08-29T19:31:37,2500.0,debit,Blessing Okoro,9604199216,000014,transfer
cust_demo,2023-08-29T19:30:18,2500.0,credit,Sola Ogundipe,3686131324,000010,transfer
cust_demo,2023-08-29T14:48:35,250.0,credit,Sola Ogundipe,3686131324,000010,transfer
cust_demo,2023-08-25T12:03:11,5000.0,debit,Blessing Okoro,9604199216,000014,transfer
cust_demo,2023-08-25T12:01:52,5000.0,credit,Sola Ogundipe,3686131324,000010,transfer
cust_demo,2023-08-25T08:52:47,500.0,debit,Damilola Ajayi,4654015989,000015,transfer
cust_demo,2023-08-23T17:31:24,1000.0,credit,Sola Ogundipe,3686131324,000010,transfer
cust_demo,2023-08-14T12:55:28,1000.0,debit,Kayode Ilori,8301416644,000016,transfer
cust_demo,2023-08-14T08:57:29,600.0,credit,Sola Ogundipe,3686131324,000010,transfer
cust_demo,2023-08-14T08:33:43,500.0,debit,Favour Ogbonna,8018496186,000018,uncategorized
cust_demo,2023-08-14T08:32:09,495.0,credit,Vincent Danjuma,7870921206,090267,uncategorized
cust_demo,2023-08-14T08:31:32,495.0,debit,Favour Ogbonna,8018496186,000018,uncategorized
cust_demo,2023-08-14T08:29:15,100.0,credit,Sola Ogundipe,3686131324,000010,transfer
cust_demo,2023-08-11T08:54:03,5000.0,debit,Damilola Ajayi,4654015989,000015,transfer
cust_demo,2023-08-09T17:30:23,100.0,debit,Blessing Okoro,9604199216,000014,transfer
cust_demo,2023-08-05T17:20:45,2000.0,debit,Blessing Okoro,9604199216,000014,transfer
cust_demo,2023-08-04T11:31:05,5100.0,debit,Blessing Okoro,9604199216,000014,transfer
cust_demo,2023-08-04T11:27:45,5100.0,credit,Sola Ogundipe,3686131324,000010,transfer
cust_demo,2023-08-01T20:39:39,7500.0,credit,Sola Ogundipe,3686131324,000010,transfer
cust_demo,2023-07-28T16:45:48,2000.0,debit,Blessing Okoro,9604199216,000014,transfer
cust_demo,2023-07-28T16:39:06,2000.0,credit,Sola Ogundipe,3686131324,000010,transfer
cust_demo,2023-07-24T13:33:05,2000.0,debit,Blessing Okoro,9604199216,000014,transfer
cust_demo,2023-07-24T12:24:44,2000.0,credit,Sola Ogundipe,3686131324,000010,transfer
cust_demo,2023-07-21T17:18:20,2260.0,debit,Damilola Ajayi,4654015989,000015,transfer
cust_demo,2023-07-20T11:04:42,2000.0,credit,Sola Ogundipe,3686131324,000010,transfer
cust_demo,2023-07-18T10:49:54,200.0,credit,Sola Ogundipe,3686131324,000010,transfer
cust_demo,2023-07-18T06:50:14,1900.0,debit,Damilola Ajayi,4654015989,000015,transfer
cust_demo,2023-07-17T17:38:48,800.0,debit,Blessing Okoro,9604199216,000014,transfer
cust_demo,2023-07-17T17:37:40,2000.0,credit,Sola Ogundipe,3686131324,000010,transfer
cust_demo,2023-07-15T17:45:43,3100.0,debit,Halima Musa,6233147315,000013,transfer
cust_demo,2023-07-15T17:35:24,6000.0,debit,Adaobi Umeh,1676416017,000001,transfer
cust_demo,2023-07-15T17:34:05,10000.0,credit,Sola Ogundipe,3686131324,000010,transfer
cust_demo,2023-07-13T19:37:24,450.0,debit,Favour Ogbonna,8928749463,000004,transfer
cust_demo,2023-07-11T15:52:48,5100.0,debit,Blessing Okoro,9604199216,000014,transfer
cust_demo,2023-07-11T15:51:02,5100.0,credit,Sola Ogundipe,3686131324,000010,transfer
cust_demo,2023-07-11T13:31:14,1300.0,debit,Blessing Okoro,9604199216,000014,transfer
cust_demo,2023-07-11T13:22:56,1100.0,credit,Isah Shehu,3369280602,000012,transfer
cust_demo,2023-07-11T12:41:42,200.0,credit,Isah Shehu,3369280602,000012,transfer
cust_demo,2023-07-10T15:02:02,200.0,credit,Sola Ogundipe,3686131324,000010,transfer
cust_demo,2023-07-10T07:28:52,95.0,debit,Tunde Bakare,,000010,data
cust_demo,2023-07-10T07:25:37,100.0,credit,Sola Ogundipe,3686131324,000010,transfer
cust_demo,2023-07-05T22:18:32,100.0,debit,Tunde Bakare,,000010,data
cust_demo,2023-07-05T22:16:56,200.0,credit,Sola Ogundipe,3686131324,000010,transfer
cust_demo,2023-07-04T09:16:44,2700.0,debit,Damilola Ajayi,4654015989,000015,transfer
cust_demo,2023-07-04T09:04:33,2700.0,credit,Sola Ogundipe,3686131324,000010,transfer
cust_demo,2023-06-24T12:34:25,900.0,debit,Blessing Okoro,9604199216,000014,transfer
cust_demo,2023-06-24T09:49:40,892.14,credit,Sola Ogundipe,3686131324,000010,transfer
cust_demo,2023-05-29T20:16:43,40.0,debit,Christiana Musa,4980618930,000015,transfer
cust_demo,2023-05-27T10:19:45,53.0,debit,Matthew Okereke,,000015,data
cust_demo,2023-05-27T10:17:40,100.0,credit,Damilola Ajayi,4654015989,000015,transfer
cust_demo,2023-05-25T20:01:11,40.0,debit,Damilola Ajayi,4654015989,000015,transfer
cust_demo,2023-05-25T09:01:30,400.0,debit,Damilola Ajayi,4654015989,000015,transfer
cust_demo,2023-05-25T08:38:25,500.0,credit,Tayo Akinyemi,9696323635,000017,transfer
cust_demo,2023-05-20T18:08:19,5100.0,debit,Blessing Okoro,9604199216,000014,transfer
cust_demo,2023-05-20T18:03:33,5100.0,credit,Anthony Okoye,2109931231,000016,transfer
cust_demo,2023-05-15T20:13:08,52.0,debit,Damilola Ajayi,4654015989,000015,transfer
cust_demo,2023-05-12T14:19:11,150.0,debit,Damilola Ajayi,4654015989,000015,transfer
cust_demo,2023-05-12T14:16:34,40.0,debit,Matthew Okereke,,000015,airtime
cust_demo,2023-05-12T14:14:40,200.0,credit,Damilola Ajayi,4654015989,000015,transfer
cust_demo,2023-05-11T12:02:28,500.0,debit,Blessing Okoro,9604199216,000014,transfer
cust_demo,2023-05-11T12:01:29,500.0,credit,Sola Ogundipe,3686131324,000010,transfer
cust_demo,2023-05-10T12:18:12,190.0,debit,Damilola Ajayi,4654015989,000015,transfer
cust_demo,2023-05-09T19:27:27,403.6,debit,Favour Ogbonna,8928749463,000004,transfer
cust_demo,2023-05-09T18:21:48,1600.0,debit,Damilola Ajayi,4654015989,000015,transfer
cust_demo,2023-05-09T13:29:50,10000.0,debit,Yinka Balogun,9644855044,000007,transfer
cust_demo,2023-05-09T13:28:42,8000.0,credit,Damilola Ajayi,4654015989,000015,transfer
cust_demo,2023-05-09T10:10:05,1700.0,debit,Damilola Ajayi,4654015989,000015,transfer
cust_demo,2023-05-08T17:41:52,3000.0,debit,Damilola Ajayi,4654015989,000015,transfer
cust_demo,2023-05-08T17:03:25,1000.0,debit,Matthew Okereke,,000015,data
cust_demo,2023-05-08T15:57:30,50.0,debit,Damilola Ajayi,4654015989,000015,transfer
cust_demo,2023-05-08T15:48:35,5439.21,credit,Hauwa Yakubu,7767025037,000001,uncategorized
cust_demo,2023-05-08T15:38:19,607.0,credit,Damilola Ajayi,4654015989,000015,transfer
cust_demo,2023-05-08T15:18:14,5150.0,debit,Yinka Balogun,9644855044,000007,transfer
cust_demo,2023-05-05T18:43:31,1600.0,debit,Damilola Ajayi,4654015989,000015,transfer
cust_demo,2023-05-03T18:54:43,650.0,debit,Blessing Okoro,9604199216,000014,transfer
cust_demo,2023-05-03T17:19:13,5500.0,credit,Sola Ogundipe,3686131324,000010,transfer
cust_demo,2023-05-03T16:59:47,5500.0,debit,Favour Ogbonna,8018496186,000018,uncategorized
cust_demo,2023-05-03T11:41:40,2000.0,debit,Blessing Okoro,9604199216,000014,transfer
cust_demo,2023-05-03T11:39:00,2000.0,credit,Sola Ogundipe,3686131324,000010,transfer
cust_demo,2023-05-03T09:20:43,11300.0,debit,Chinwe Okpara,9435754626,090267,uncategorized
cust_demo,2023-05-03T08:38:14,11300.0,credit,Sola Ogundipe,3686131324,000010,transfer
cust_demo,2023-05-02T19:58:32,491.0,debit,Chinwe Okpara,9435754626,090267,uncategorized
cust_demo,2023-05-02T19:56:09,840.0,credit,Damilola Ajayi,4654015989,000015,transfer
cust_demo,2023-05-02T19:44:20,10000.0,debit,Safiya Nuhu,3709407741,090267,transfer
cust_demo,2023-05-02T19:10:49,450.0,debit,Favour Ogbonna,8928749463,000004,transfer
cust_demo,2023-05-02T18:29:58,3000.0,debit,Blessing Okoro,9604199216,000014,transfer
cust_demo,2023-05-02T17:34:02,3000.0,credit,Ebele Nwachukwu,4768640977,090267,transfer
cust_demo,2023-05-01T17:16:24,999.92,debit,Damilola Ajayi,4654015989,000015,transfer
cust_demo,2023-05-01T16:39:46,800.0,debit,Damilola Ajayi,4654015989,000015,transfer
cust_demo,2023-05-01T14:44:48,10.0,debit,Ese Aikhomu,7948733285,000007,transfer
cust_demo,2023-05-01T13:31:04,15600.0,debit,Blessing Okoro,9604199216,000014,transfer
cust_demo,2023-05-01T13:27:27,15600.0,credit,Sola Ogundipe,3686131324,000010,transfer
cust_demo,2023-05-01T09:44:42,150.0,credit,Dele Adegoke,1547287179,090267,transfer
cust_demo,2023-05-01T09:02:40,161.0,credit,Sola Ogundipe,3686131324,000010,transfer
cust_demo,2023-04-30T14:56:28,1200.0,debit,Ebele Nwachukwu,3825953021,000012,transfer
cust_demo,2023-04-29T17:39:49,1000.0,credit,Sola Ogundipe,3686131324,000010,transfer
cust_demo,2023-04-29T17:28:16,8400.0,debit,Blessing Okoro,9604199216,000014,transfer
cust_demo,2023-04-29T17:17:43,2000.0,credit,Sola Ogundipe,3686131324,000010,transfer
cust_demo,2023-04-29T15:48:25,4000.0,credit,Christiana Musa,2212676156,000014,transfer
cust_demo,2023-04-29T13:31:10,1400.0,credit,Sola Ogundipe,3686131324,000010,transfer
cust_demo,2023-04-28T19:51:33,250.0,credit,Sola Ogundipe,3686131324,000010,transfer
cust_demo,2023-04-28T19:25:14,250.0,debit,Favour Ogbonna,8928749463,000004,transfer
cust_demo,2023-04-28T15:34:53,2000.0,debit,Blessing Okoro,9604199216,000014,transfer
cust_demo,2023-04-28T15:01:55,2250.0,credit,Sola Ogundipe,3686131324,000010,transfer
cust_demo,2023-04-28T14:23:39,700.0,debit,Damilola Ajayi,4654015989,000015,transfer
